349066,Album Review: Jeff Tweedy – Together at Last,6/18/2017 4:00:07 AM
349065,HAIM covers Shania Twain’s “Man! I Feel Like a Woman” — watch,6/18/2017 6:45:09 PM
349064,Jay Z announces new album 4:44 due out later this month,6/19/2017 4:36:06 AM
349063,Recapping Twin Peaks: The Return: Part 7,6/19/2017 6:01:35 AM
349062,LCD Soundsystem announce new album American Dream plus lengthy tour,6/19/2017 12:17:35 PM
349061,Fleet Foxes perform songs from new album Crack-Up on CBS This Morning — watch,6/19/2017 1:41:33 PM
349060,Film Review: Nobody Speak: Trials of the Free Press,6/19/2017 2:00:27 PM
349059,A Perfect Circle announce North American arena tour for this fall,6/19/2017 2:30:39 PM
349058,Hudson Mohawke shares thumping new song “Passports” — listen,6/19/2017 2:50:14 PM
349057,Art-rock outfit Bent Knee share major label debut album Land Animal: Stream,6/19/2017 2:55:45 PM
349056,Supreme Court won’t hear infamous Prince vs Dancing Baby copyright case,6/19/2017 3:03:52 PM
349055,Film Review: The Big Sick,6/19/2017 4:00:54 PM
349054,JAY-Z brings back the hyphen presses caps lock on his name,6/19/2017 4:21:45 PM
349053,Carrie Fisher had cocaine heroin and ecstasy in her system autopsy reveals,6/19/2017 4:27:45 PM
349052,A kid befriends a robot soldier in ODESZA’s video for “Line of Sight” — watch,6/19/2017 4:52:50 PM
349051,The Slants win Supreme Court case over disparaging trademarks,6/19/2017 5:25:00 PM
349050,HAIM unveil studio version of “Little of Your Love” — listen,6/19/2017 6:55:36 PM
349049,Fischerspooner share first new song in eight years “Have Fun Tonight” co-written by Michael Stipe Boots — listen,6/19/2017 7:56:38 PM
349048,Chicago Rapper Jayaire Woods Gets Theatrical on “Big”,6/11/2017 2:00:00 PM
349047,Quavius’ Deep House Is Poetic,6/12/2017 1:30:00 PM
349046,6LACK Makes Smooth R&B About Twitter Trolls on “That Far”,6/12/2017 4:20:00 PM
349045,Album Review: SUFFOCATION ...Of the Dark Light,6/18/2017 3:56:34 PM
349043,This MISFITS / DANZIG Meets King Of The Hill Mashup Is Far Better Than Expected!,6/18/2017 4:24:25 PM
349042,AS I LAY DYING Frontman Tim Lambesis Teases Return,6/19/2017 2:31:41 PM
349041,SLIPKNOT's Jay Weinberg & His Dad Max Weinberg Appear In Drumming Commercial For Father's Day,6/19/2017 3:15:06 PM
349040,Austin Carlile's Emergency Surgery Unsuccessful Will Be Flown To The U.S. For Testing,6/19/2017 4:04:48 PM
349039,Chad Kroeger Slams Corey Taylor Calls STONE SOUR NICKELBACK Lite Challenges Taylor To Write A Hit Song,6/19/2017 5:05:51 PM
349038,Metal Song with 45 Instruments Is Heavy-As-Fuqq,6/19/2017 6:21:02 PM
349037,The Meek Won't Inherit Shit Says BROKEN HOPE In A New Song,6/19/2017 7:04:27 PM
349036,ELUVEITIE Share New Song Epona To Release Evocation II - Pantheon In August,6/19/2017 7:42:53 PM
349035,How Did Kids React To Hearing IRON MAIDEN For The First Time?,6/19/2017 7:47:20 PM
349034,GWAR Play New Song Fuck This Place Live And It Sounds Awesome!,6/19/2017 8:14:14 PM
349033,The Monday Grind: DEPHOSPHORUS Impossible Orbits Is Otherworldly Astrogrind,6/19/2017 8:24:48 PM
349032,CARACH ANGREN Posts Typically Creepy-As-Hell Video For Charles Francis Coghlan,6/19/2017 9:34:45 PM
349031,Megyn Kelly’s Alex Jones Interview Was Good for 1 Thing: Making Him Self-Conscious About How Sweaty He Is,6/19/2017 4:56:40 PM
349030,New Yorker Profile Reminds Us That Father John Misty Is Obsessed With His Press,6/19/2017 5:01:45 PM
349029,Haim – “Little of Your Love”,6/19/2017 6:10:23 PM
349028,Why Was a Real Life Rapper Cast as Tupac’s Shooter in All Eyez on Me?,6/19/2017 6:34:10 PM
349027,Donald Trump’s Lawyer Plays in a Crappy Republican Rock Band With the Ex-Singer of Kansas,6/19/2017 8:14:34 PM
349026,Review: Lindsey Buckingham and Christine McVie’s New Album Will Please and Perplex Fleetwood Mac Fans,6/13/2017 8:08:15 PM
349025,Review: Ride’s Disappointing Comeback Album Weather Diaries Lacks the Things That Made Them Great,6/15/2017 5:02:39 PM
349024,Review: Fleet Foxes’ Crack-Up Is a Successfully Daring Step Forward,6/16/2017 2:37:51 PM
349023,Flashback: A Kiss Song Unites Mankind In Bill and Ted's Bogus Journey,6/13/2017 9:34:46 PM
349022,See 'Transparent' Matriarch Maura Eat Weed Gummy in New Trailer,6/15/2017 3:26:00 PM
349021,Review: Fleet Foxes Up Their Prog Game on Epic 'Crack-Up',6/15/2017 2:42:00 PM
349020,Bob Seger: 15 Songs You Can Stream Now,6/17/2017 5:36:00 PM
349019,Beyonce Gives Birth to Twins,6/18/2017 2:19:00 AM
349018,See Billy Joel Cover Beatles' 'A Day in the Life' in Green Bay,6/18/2017 5:10:32 PM
349017,The Wild Life and Wounded Heart of Machine Gun Kelly,6/19/2017 2:32:00 PM
349016,Lynyrd Skynyrd Sue Former Drummer Over Biopic Plans,6/19/2017 7:54:56 PM
349015,Hear Haim's Dizzying New Song 'Little of Your Love',6/19/2017 8:26:31 PM
349002,Jagara’s new “anti-ballad” is a blinding shard of pop glory,6/16/2017 1:58:00 PM
349001,Stockholm duo Indiia release debut single “Out Of Love” via Black Butter Records,6/16/2017 2:12:00 PM
349000,Sälen announce free all-day party share acid-soaked pop number “So Rude”,6/16/2017 2:46:00 PM
348999,Vermont enigma Black Fly returns with “Dipped”,6/16/2017 3:42:00 PM
348998,The tongue-in-cheek “Uh-Oh Baby” is Feelium’s newest release,6/16/2017 4:27:00 PM
348997,Ride reform do some gigs and release an album up there with their best - simple,6/17/2017 8:30:00 AM
348996,Goldie takes a chance on The Journey Man,6/17/2017 8:30:00 AM
348995,Tijuana Bibles at King Tut’s in Glasgow,6/18/2017 2:00:00 PM
348994,The Story of Phono del Sol in Fifty Photographs,6/18/2017 7:00:00 PM
348993,Judaskyssen return with the epic ravedeath of “Vit flagg”,6/19/2017 9:30:00 AM
348992,Erin Rae continues her upwards trajectory on country jewel “Wild Blue Wind”,6/19/2017 9:30:00 AM
348991,Vince Staples makes an assertive artistic statement for turbulent times,6/19/2017 10:30:00 AM
348990,The Last Dinosaur addresses a question of mortality on “All My Faith”,6/19/2017 11:30:00 AM
348989,Lød make no concessions on the nine-minute clanging motorik groove of “Så Blå”,6/19/2017 12:10:00 PM
348988,Multi-instrumentalist and illustrator Jerkcurb steps into another world on “Voodoo Salon”,6/19/2017 1:30:00 PM
348987,Esther Joy looks into the abyss on sinister electro track “Samgel”,6/19/2017 3:10:00 PM
348986,Japanese Breakfast at The Chapel in San Francisco,6/19/2017 4:00:00 PM
348985,Moor Mother x Mental Jewelry - Crime Waves,6/14/2017 10:00:00 AM
348984,Strymon - Sunset Dual Overdrive,6/14/2017 1:24:00 PM
348983,Florian Kupfer - Post Present,6/14/2017 4:00:00 PM
348982,Loke Rahbek - City Of Women,6/15/2017 4:00:00 AM
348981,The Era Footwork Crew -  So·lo (z) EP,6/15/2017 10:00:00 AM
348980,DJ Deep ‎- Parisian Kid EP,6/15/2017 4:00:00 PM
348979,Steffi - fabric 94,6/16/2017 4:00:00 AM
348978,Various - Firma Do Txiga,6/16/2017 4:00:00 AM
348977,DeViere & Ali Berger - Free Gherkin Vol. 1,6/16/2017 10:00:00 AM
348976,Jeff Mills and the Britten Sinfonia at The Barbican,6/17/2017 4:00:00 AM
348975,Hanna - Bounce,6/19/2017 4:00:00 AM
348974,Radioactive Man - Luxury Sky Garden,6/19/2017 4:00:00 AM
348973,Black Coffee at Hï Ibiza,6/19/2017 9:00:00 AM
348972,_moonraker - Unvarete II,6/19/2017 10:00:00 AM
348971,Hugo Massien - No Return,6/19/2017 4:00:00 PM
348970,Kraftwerk's Ralf Hütter speaks to the Guardian,6/16/2017 10:01:00 AM
348969,New festival KALLIDA​ reveals lineup of visual artists for first edition,6/16/2017 12:07:00 PM
348968,Príncipe's Puto Anderson releases video for 'Gritos Do Infinito',6/16/2017 12:21:00 PM
348967,Keep On Dancing books Chez Damier Cobblestone Jazz for Heart Ibiza residency,6/16/2017 12:38:00 PM
348966,Mix of the day: François X,6/17/2017 7:00:00 AM
348965,RA's head of films talks Real Scenes: London on Radio 1,6/18/2017 1:11:00 PM
348964,DJ Fett Burger headlines Cracki party in Paris,6/19/2017 4:45:00 AM
348963,Nick Höppner's favourite record sleeves,6/19/2017 10:01:00 AM
348962,Edward: Innocence and influences,6/19/2017 1:16:00 PM
348961,Louie Vega and Francois K join Gilles Peterson's Worldwide FM,6/19/2017 3:17:00 PM
348960,Answer Code Request Woody play RADION,6/19/2017 3:23:00 PM
348959,Hudson Mohawke shares new track Passports for Silicon Valley TV show,6/19/2017 4:11:00 PM
348958,Stream Steve Rachmad's album as Sterac Electronics,6/19/2017 5:06:00 PM
348957,Nick Höppner lines up three US dates,6/19/2017 10:02:00 PM
348956,Real Scenes: London,6/14/2017 7:00:00 AM
348955,Chino Amobi: Iron sharpening iron,6/16/2017 4:43:00 AM
348954,Super Furry Animals – “The Boy With The Thorn In His Side” (The Smiths Cover),6/19/2017 8:32:07 PM
348953,Ibeyi: Away Away – videoklip a francia-kubai ikerduó második albuma elé,6/12/2017 1:48:39 PM
348952,Wolf Alice: Yuk Foo – egy Fuck You-dal Ellie Rowsell zenekarának új albumáról,6/12/2017 10:54:15 PM
348951,The Horrors: Machine – új dal három év után a Depeche Mode-turnéhoz igazítva,6/13/2017 2:07:29 PM
348950,Death From Above: Freeze Me – új klipdal a MSTRKRFT vezérének rockzenekarától,6/14/2017 6:51:46 AM
348949,Sharon Van Etten a Sonic Youth-gitáros Lee Ranaldo új albumán,6/14/2017 3:10:57 PM
348948,The Killers: The Man + Run For Cover – dalok az öt év után érkező új albumról,6/15/2017 2:18:57 AM
348947,Queens Of The Stone Age: The Way You Used To Do – az első teljes dal a Mark Ronsonnal készült albumról,6/15/2017 4:46:13 PM
348946,Kasabian: Bless This Acid House – videoklip,6/16/2017 3:45:33 PM
348945,Foo Fighters: Lah Di Da + további új dalok élőben a hattagú zenekartól,6/18/2017 3:51:50 AM
348944,Jack White Beck Nas Elton John és Willie Nelson az American Epic tévésorozatban,6/19/2017 6:29:52 AM
348943,Taylor Swift Sees 4 Albums Back on Billboard 200 After Streaming Return,6/19/2017 7:36:05 PM
348942,Chris Brown & Ray J Team Up for 'Burn My Name' Mixtape,6/19/2017 7:52:40 PM
348941,1 Dead 1000 Seek Medical Treatment at Las Vegas' Electric Daisy Carnival,6/19/2017 8:02:05 PM
348940,Cam'ron Says He Knew About Bill O'Reilly's Sexual Harassment Allegations Before 2003 Interview,6/19/2017 8:08:05 PM
348939,Hudson Mohawke Remy Banks Stamp 'Passport' With Entry on HBO's 'Silicon Valley' Soundtrack: Listen,6/19/2017 8:48:05 PM
348938,Armin van Buuren Tiesto Alesso & More Live Sets From EDC Vegas 2017: Listen,6/19/2017 8:51:05 PM
348937,Electric Daisy Carnival's Pasquale Rotella Responds to Complaints of Fans Waiting Hours for Shuttles,6/19/2017 9:14:05 PM
348936,No I.D. to Produce JAY-Z's Entire '4:44' Album,6/19/2017 9:22:05 PM
348935,Nice Try Flower Crowns: Festival Season This Year Is All About the 'RompHim',6/19/2017 9:25:05 PM
348934,Vice Raises $450 Million From TPG Boosts Valuation to $5.7 Billion,6/19/2017 10:19:50 PM
348933,From Action Bronson to Cam'ron: 10 Wrestling-Inspired Rap Songs,6/19/2017 11:41:05 PM
348932,Katy Perry Demo of Britney Spears' 'Passenger' Leaks Online,6/19/2017 11:49:00 PM
348931,Klippremier! Calidora: Újrafestem,6/15/2017 5:00:00 PM
348930,Egy jó dal mindent túlél – Pierre Bouvier (Simple Plan)-interjú,6/16/2017 1:40:51 PM
348929,Tara Jane O’Neil: Tara Jane O’Neil (lemezkritika),6/17/2017 7:29:00 AM
348928,Ilyen festményeket készít Kurt Cobain lánya,6/17/2017 7:46:38 AM
348927,Damon vízzel hint – Gorillaz-koncert a Várkert Bazárban (galéria),6/17/2017 10:00:00 AM
348926,Cipőbámulás felsőfokon – 20 klasszikus lemez,6/18/2017 5:00:00 PM
348925,Gato Preto: Tempo (lemezkritika),6/19/2017 6:41:00 AM
348924,Augusztusban új lemezzel jelentkezik a Queens Of The Stone Age ízlelgessük új dalukat!,6/19/2017 11:00:00 AM
348923,Dalpremier! Lynd: Why,6/19/2017 5:00:00 PM
348922,WHY?,6/14/2017 7:03:54 PM
348921,Ripplemaker is a West Coast-inspired modular synth for iOS,6/19/2017 11:18:18 AM
348920,Thundercat Little Dragon and more: The sun synths and spectacle of Sónar 2017 in photos,6/19/2017 12:27:19 PM
348919,Step inside Curiosibot’s Laser Room at Sónar 2017,6/19/2017 2:34:18 PM
348918,Hudson Mohawke shares new song ‘Passports’ from Silicon Valley,6/19/2017 2:36:37 PM
348917,FACT mix 606: RAMZi,6/19/2017 3:57:03 PM
348916,Royce 5’9 Announces ‘The Bar Exam 4’ Release Date Drops “C. Delores”,6/19/2017 7:56:10 PM
348915,Styles P Bodies Three More Tracks From Jay Rock Playboi Carti & SiR,6/19/2017 10:01:24 PM
348914,New Music: Jhene Aiko Ft. Chris Brown “Hello Ego (Don’t Stop)”,6/17/2017 8:03:02 PM
348913,JAY-Z Announces New Album ‘4:44’,6/19/2017 12:16:07 PM
348912,New Mixtape: Ray J & Chris Brown ‘Burn My Name’,6/19/2017 6:37:16 PM
348911,Martin Garrix And Dua Lipa Were Seen Kissing On The Set Of Her New Video,6/19/2017 6:58:22 PM
348910,Man Dies At EDC Las Vegas 2017 Of Apparent Heat-Related Issues,6/19/2017 7:02:25 PM
348909,Vin Ryan Releases Hot Summer Progressive Track,6/19/2017 7:07:35 PM
348908,EDC Las Vegas 2017 Day 3 Live Sets: Listen Here,6/19/2017 10:47:58 PM
348907,Kaskade Ended Up Playing A Surprise Set at EDC Las Vegas 2017,6/19/2017 11:38:27 PM
348906,Common playing Ravinia this Saturday (6/24) FSD readers get a 20% discount on tickets,6/19/2017 5:06:39 PM
348905,A parrot has been given an exclusive first listen of Calvin Harris’ ‘Funk Wav Bounces Vol 1’,6/13/2017 9:00:51 AM
348904,Lorde’s secret onion ring Instagram account is a good reminder that popstars walk among us,6/13/2017 2:40:27 PM
348903,New Music Friday: Jax Jones Demi Lovato and Stefflon Don at the top Icona Pop at the bottom various songs in between,6/16/2017 9:45:36 AM
348902,A reminder on the day of our Lorde June 16 2017 that the Hey Violet album is also really good,6/16/2017 4:28:21 PM
348901,KSHMR Releases New Soundpack With 7 Skies On Standalone-Music,6/19/2017 6:03:04 PM
348900,Mamby On The Beach Premieres an Exclusive Green Velvet Documentary in Honor of Relief Records’ 25th Anniversary,6/19/2017 6:06:13 PM
348899,One Reported Dead Of Apparent Heat-Related Issues During EDC 2017,6/19/2017 6:31:58 PM
348898,Mamby On The Beach Reveals After Parties Along with Map and Set Times,6/19/2017 6:39:27 PM
348897,Drake Wins The Weekend As Surprise Guest At EDC 2017 [WATCH],6/19/2017 7:30:30 PM
348896,Deadmau5 Reacts to DJ Khaled at EDC Meanwhile DJ Khaled Shares A Major Key In All This,6/19/2017 8:33:28 PM
348895,Hardwell Drops Pumped-Up Unreleased Tracks and IDs at Electric Daisy Carnival [LISTEN],6/19/2017 10:27:39 PM
348894,EDC By the Numbers: 400000 Attendees Bring in Significant Amount of Medical Calls Ejections Arrests,6/19/2017 10:30:17 PM
348893,Zedd Announces North American “Echo Tour” For This Fall,6/19/2017 10:32:43 PM
348892,Dylan Brings (Some Of) The Hits To Firefly,6/18/2017 10:57:36 PM
348891,Migos Say Culture 2 Is “Dropping Soon”,6/18/2017 11:24:05 PM
348890,Hudson Mohawke – “Passports” (Feat. Remy Banks),6/19/2017 1:40:26 AM
348889,LCD Soundsystem Announce Comeback Album American Dream World Tour,6/19/2017 11:19:51 AM
348888,Mutual Benefit – “Diamond Day” (Vashti Bunyan Cover),6/19/2017 1:17:44 PM
348887,Hanson Compare Justin Bieber To Venereal Disease,6/19/2017 1:18:29 PM
348886,Watch Chance The Rapper & David Crosby’s New Twitter Commercial,6/19/2017 1:35:42 PM
348885,Watch Lorde Perform “Green Light” & “Perfect Places” At MMVAs,6/19/2017 1:57:00 PM
348884,New Yorker Profile Details Father John Misty’s Amusing Interactions With Dave Grohl Art Garfunkel,6/19/2017 2:04:17 PM
348883,Watch Paramore Cover Drake’s “Passionfruit”,6/19/2017 2:26:53 PM
348882,Mark Kozelek & Sean Yeaton – “The Reasons I Love You”,6/19/2017 3:03:01 PM
348881,Dead Cross – “Seizure And Desist” Video,6/19/2017 3:43:05 PM
348880,Offa Rex – “The Old Churchyard”,6/19/2017 3:46:58 PM
348879,Third Man Announces Deluxe Reissue Of White Stripes’ Icky Thump Which Came Out 10 Years Ago Today,6/19/2017 4:03:23 PM
348878,JAY-Z Has A Hyphen Again,6/19/2017 4:08:21 PM
348877,Hear Lorde Break Down Every Track On Melodrama,6/19/2017 4:13:42 PM
348876,Billboard Changes Rule To Prevent Various Artist Playlists From Dominating Album Chart,6/19/2017 5:22:32 PM
348875,Super Furry Animals – “The Boy With The Thorn In His Side” (The Smiths Cover),6/19/2017 5:59:38 PM
348874,Fischerspooner – “Have Fun Tonight” (Co-Written By Michael Stipe & Boots),6/19/2017 7:13:35 PM
348873,1 Dead 1000 Seek Medical Treatment At Las Vegas’ Electric Daisy Carnival,6/19/2017 8:30:24 PM
348872,Nickelback Are Beefing With Slipknot,6/19/2017 9:20:54 PM
348871,Brace Yourself For Third Eye Blind’s Version Of Atlanta Trap Music,6/19/2017 9:30:15 PM
348870,DJ Khaled Claims Sabotage After Getting Booed Offstage At EDC,6/19/2017 11:29:34 PM
348869,Four 1970s Brian Eno albums to be reissued on vinyl,6/15/2017 11:04:00 AM
348868,Red Bull Music Academy goes to Berlin for 2018,6/15/2017 1:00:00 PM
348867,DJ Sotofett LNS feature on new Wania 10-inch,6/15/2017 3:08:00 PM
348866,Dean Blunt & Inga Copeland re-release rare 33-track outtakes compilation The Attitude Era,6/15/2017 7:04:00 PM
348865,808 State Dub Phizix Zed Bias appear on Manchester With Love compilation,6/16/2017 11:47:00 AM
348864,RIP: Sonny Knight soul and R&B singer,6/18/2017 5:40:50 AM
348863,Music Review: Dustin Wong & Takako Minekawa - Are Euphoria,6/19/2017 4:27:46 AM
348862,Jay Z announces new album 4:44 catches Magikarp at Barclays Center,6/19/2017 4:50:44 AM
348861,VIOLENCE announces new album Human Dust to Fertilize the Impotent Garden on PTP apologizes in advance for putting a damper on your backyard barbecue,6/19/2017 2:01:00 PM
348860,Dizzee Rascal returns to re-affirm his place in the expanding grime universe with new album Raskit,6/19/2017 5:19:42 PM
348859,Bicep take their club love affair to the next level announce self-titled debut album on Ninja Tune,6/19/2017 8:20:44 PM
348858,10 Years Without the White Stripes,6/15/2017 4:00:34 AM
348857,Miley Cyrus performs new singles “Malibu” and “Inspired” on Fallon — watch,6/15/2017 2:05:41 PM
348856,Steve Earle says Noel Gallagher “is the most overrated songwriter in the whole history of pop music”,6/15/2017 2:24:39 PM
348855,Queens of the Stone Age unleash new single “The Way You Used to Do” — listen,6/15/2017 3:33:43 PM
348854,Queens of the Stone Age announce 2017 North American tour with Royal Blood in support,6/15/2017 3:52:53 PM
348853,TOKiMONSTA teams with Malaysia’s Yuna for “Don’t Call Me” — listen,6/15/2017 5:29:17 PM
348852,Danny Elfman to replace Junkie XL as Justice League composer,6/15/2017 5:45:08 PM
348851,The indie artwork for Queens of the Stone Age’s Villains is even more bad ass,6/15/2017 7:29:25 PM
348850,Alain Johannes covers Chris Cornell’s “Disappearing One” on acoustic box guitar — watch,6/15/2017 9:52:07 PM
348849,Coldplay share new song “All I Can Think About Is You” — listen,6/16/2017 2:20:29 AM
348848,Ride release new album Weather Diaries: Stream/download,6/16/2017 3:05:12 AM
348847,Arcade Fire share rousing new single “Creature Comfort” — listen,6/16/2017 3:05:46 AM
348846,Lorde releases new album Melodrama: Stream/download,6/16/2017 3:17:15 AM
348845,Calvin Harris enlists Katy Perry Pharrell and Big Sean for new song “Feels” — listen,6/16/2017 3:25:37 AM
348844,Big Boi drops new solo album Boomiverse: Stream/download,6/16/2017 3:35:06 AM
348843,Dan Auerbach releases new song “Run that Race” — listen,6/16/2017 3:45:26 AM
348842,Royal Blood release new album How Did We Get So Dark?: Stream/download,6/16/2017 3:50:40 AM
348841,Ranking: Every Radiohead Album From Worst to Best,6/16/2017 4:00:31 AM
348840,Arcade Fire share strobe-filled video for “Creature Comfort” — watch,6/16/2017 2:01:32 PM
348839,Lorde performs “Perfect Places” admits to Onion Ring-gate on Fallon — watch,6/16/2017 2:35:35 PM
348838,Lorde announces 2018 North American tour in support of Melodrama,6/16/2017 2:50:16 PM
348837,Unreleased Prince track “Father’s Song” is perfect for rainy weather — listen,6/16/2017 3:05:00 PM
348836,Stars return with two new tracks “Privilege” and “We Called It Love” — listen,6/16/2017 3:31:17 PM
348835,together PANGEA announce new album Bulls and Roosters share video for single “Better Find Out” — watch,6/16/2017 3:57:23 PM
348834,Rihanna and Bryson Tiller have “Wild Thoughts” in new DJ Khaled video — watch,6/16/2017 4:40:11 PM
348833,Icona Pop rally their “GIRLS GIRLS” on new single — listen,6/16/2017 5:08:46 PM
348832,Bruce Springsteen set for eight-week Broadway residency,6/16/2017 5:39:04 PM
348831,Live Review: Phoenix at the Hollywood Bowl (06/15),6/16/2017 6:20:19 PM
348830,Here’s what we learned from Radiohead’s oral history of OK Computer,6/16/2017 6:30:05 PM
348829,David Bowie Minor Threat Radiohead fidget spinners are being sold,6/16/2017 9:37:10 PM
348828,Judge declares mistrial in Bill Cosby sexual assault case,6/17/2017 2:45:49 PM
348827,Foo Fighters debut three new songs at Secret Solstice Festival: Video + Setlist,6/17/2017 4:10:07 PM
348826,Jack White covers old-timey blues song “Matrimonial Intentions”” — watch,6/17/2017 6:05:41 PM
348825,Weezer cover OutKast’s “Hey Ya” at Firefly Music Festival — watch,6/17/2017 8:30:10 PM
348824,Dave Grohl’s eight-year-old daughter Harper got to drum for Foo Fighters — watch,6/17/2017 10:00:26 PM
348823,Beyoncé has given birth to twins: Report,6/18/2017 4:59:46 AM
348822,How Janis Joplin and Otis Redding Conquered Monterey Pop Festival,6/18/2017 4:30:58 PM
348821,Kendrick Lamar Justin Vernon Damon Albarn and more will appear on Vince Staples’ Big Fish Theory,6/18/2017 6:55:51 PM
348820,Die Antwoord’s Ninja recounts hilarious basketball game with Kanye West and Drake,6/18/2017 8:45:11 PM
348819,Jay Z’s new song “Adnis” soundtracks 4:44 trailer — watch,6/19/2017 2:35:31 AM
348818,Justin Vernon and Aaron Dessner debut new Big Red Machine music at Eaux Claires — watch,6/19/2017 3:10:06 AM
348817,The 10 Greatest Sophomore Albums of All Time,6/19/2017 4:00:01 AM
348816,Eaux Claires 2017 Festival Review: Top 10 Sets,6/19/2017 2:22:24 PM
348815,Washed Out announces 2017 US tour dates,6/19/2017 3:10:54 PM
348814,Roger Waters’ new album blocked from release in Italy over alleged copyright infringement,6/19/2017 3:25:22 PM
348813,Chance the Rapper gets trolled by David Crosby in weird new Twitter ad — watch,6/19/2017 3:57:35 PM
348812,10th anniversary vinyl reissue of The White Stripes’ Icky Thump promises unreleased music rarities,6/19/2017 4:05:13 PM
348811,Paramore cover Fleetwood Mac’s “Everywhere” and Drake’s “Passionfruit” — watch,6/19/2017 5:00:59 PM
348810,Top 10 Films of 2017 (So Far),6/19/2017 5:15:32 PM
348809,Mark Kozelek and Parquet Courts’ Sean Yeaton share new collaborative song “The Reasons I Love You” — listen,6/19/2017 5:30:13 PM
348808,Offa Rex (The Decemberists and Olivia Chaney) cover spiritual folk standard “The Old Churchyard” — watch,6/19/2017 5:55:02 PM
348807,Win tickets to Summer Set Music Festival 2017,6/19/2017 8:50:19 PM
348806,The Unsatisfying All Eyez on Me Offers a SparkNotes Summary of Tupac Shakur’s Rich Life,6/19/2017 7:17:01 PM
348805,Fischerspooner Return With “Have Fun Tonight” Produced and Co-Written by Michael Stipe and Boots,6/19/2017 7:51:07 PM
348804,“Lefetyelem az ászokat Heinekent nekem ne”,6/13/2017 4:30:49 PM
348803,Szürreálisan burjánzik a természet a Deep Glaze első klipjében,6/15/2017 12:33:27 PM
348802,One dead 1000 given medical treatment at Electric Daisy Carnival Las Vegas,6/19/2017 9:33:39 PM
348801,Egy hely az unalmas hétfő estékre,5/24/2017 9:29:40 AM
348800,Sör cigi természet több nem kell,6/14/2017 2:36:32 PM
348799,HETI BONTÁS / JÚN 12 – 18,6/12/2017 2:32:20 PM
348798,HETI BONTÁS / JÚN 19 – 25,6/19/2017 5:28:14 PM
348797,The Mamas and The Papas' Michelle Phillips to Sell Her Vintage Mercedes: 'We Have Gone All Over Hell With That Car',6/19/2017 7:45:01 PM
348796,Murlo: Club Coil EP,6/12/2017 5:00:00 AM
348795,St. Jude Jam Taps Montgomery Gentry Kim Carnes & More for Children's Hospital Fundraiser,6/19/2017 8:00:44 PM
348794,Wisin & Yandel Reunite in Dominican Republic: Watch,6/19/2017 8:04:05 PM
348793,Ann Wilson Talks Upcoming Solo Work & Heart Hiatus: 'It Will Never Be the Way It Was Before',6/19/2017 8:20:05 PM
348792,High Court Won't Hear Appeal Over 'Let's Go Crazy' Dancing Baby Video,6/19/2017 9:45:33 PM
348791,Ice Cube Teams up With Allen Iverson & Julius Irving for 'BIG3' Promo,6/19/2017 9:50:05 PM
348790,Lindsey Buckingham / Christine McVie: Lindsey Buckingham / Christine McVie,6/12/2017 5:00:00 AM
348789,We the Kings Release Heartfelt New Song 'Ally' in Honor of Pulse Nightclub Victims & Pride Month,6/19/2017 9:52:05 PM
348788,Jamie Lynn Spears Celebrates Daughter's Birthday With First Responders Who Saved Her Life,6/19/2017 10:00:05 PM
348787,4 of the Best Looks From iHeartRadio Much Music Video Awards,6/19/2017 10:17:05 PM
348786,Lynyrd Skynyrd Members Head to Trial Over Plane Crash Movie,6/19/2017 10:34:05 PM
348785,Donald Trump's Lawyer Plays in a Republican Rock Band With the Ex-Singer of Kansas,6/19/2017 11:09:05 PM
348784,What's Your Favorite Song of the Summer (So Far)? Vote!,6/19/2017 11:20:10 PM
348783,Norska: Too Many Winters,6/12/2017 5:00:00 AM
348782,Demi Lovato Promotes New YouTube Show 'Simply Complicated' at Cannes Lions,6/19/2017 11:23:05 PM
348781,A Müszi heti programajánlója: Soft Shell 3 Violence (US) Twisting Nether,6/15/2017 10:00:00 AM
348780,Húsbavágó elemi agresszió – a Skinny Puppy a Dürerben (beszámoló és galéria),6/15/2017 10:08:00 AM
348779,Elektronikus tánczene – Utazás a színes világok körül,6/15/2017 11:10:00 AM
348778,Infinite Beat – Koncertfotó-kiállítás Budapesttől Tokióig a Pizzicában,6/16/2017 6:25:17 AM
348777,Sylvian Esso: What Now (lemezkritika),6/16/2017 6:44:00 AM
348776,Természetesen megszólalni – The Hotelier-interjú,6/16/2017 7:49:00 AM
348775,Pixx: The Age of Anxiety,6/12/2017 5:00:00 AM
348774,Klippremier! Norwell: Celestial Bodies,6/16/2017 12:30:00 PM
348773,18+ A befutás tíz alaptörvénye kipipálva,6/16/2017 7:02:00 PM
348772,Forest Swords: Compassion (lemezkritika),6/18/2017 7:51:00 AM
348771,Klippremier! Tudósok: Pecsétem,6/19/2017 9:00:00 AM
348770,Először lép fel Magyarországon Madeleine Peyroux popos-blues-os jazzénekesnő,6/19/2017 1:00:00 PM
348769,Sigrid Electrifies with Debut EP and Live Performance [Stream],6/14/2017 2:30:55 PM
348768,AMPALLANG INFECTION live at Saint Vitus Bar Jun. 15th 2017,6/18/2017 4:04:48 PM
348767,Sonic Wonders that Inspired Dent May’s New Album,6/14/2017 9:00:39 PM
348766,Listen to Andrew St James’ Gorgeous ‘The Big Ole Veronica Apology Record’ Early [Premiere],6/15/2017 2:43:30 PM
348765,Songs White Reaper Listened to at Hangout Festival and a Review of Alien: Covenant,6/16/2017 7:51:36 PM
348764,Stormzy among artists covering Simon & Garfunkel for victims of Grenfell Tower fire,6/19/2017 1:33:42 PM
348763,AJ Tracey criticizes government for response to Grenfell Tower fire,6/19/2017 3:56:59 PM
348762,Mondo unveils Super Castlevania IV soundtrack on vinyl,6/19/2017 7:47:44 PM
348761,NECROPTIC ENGORGEMENT live at Saint Vitus Bar Jun. 15th 2017,6/18/2017 4:05:38 PM
348760,A new Aphex Twin 12″ has surfaced at Todd Osborn’s Technical Equipment Supply,6/19/2017 8:58:27 PM
348759,Stones Throw’s newest signee Sudan Archives releases ‘Come Meh Way’,6/19/2017 9:26:04 PM
348758,24hrs – “Twenty Did It Again”,6/19/2017 6:40:28 PM
348757,GoldLink’s ‘At What Cost’ Tour Dates,6/19/2017 7:12:10 PM
348756,Nick Grant – “Bouncin'” (Video),6/19/2017 7:23:58 PM
348755,Dave East – “Only One King (EastMix)”,6/19/2017 7:39:50 PM
348754,Ye Ali – “Refreshing”,6/19/2017 7:45:46 PM
348753,Phil Anelmo's SCOUR Cover BATHORY's Massacre live at Saint Vitus Bar Jun. 15th 2017,6/18/2017 4:09:30 PM
348752,Westside Gunn & Conway – “Machine Gun Black” (prod. Just Blaze),6/19/2017 7:45:49 PM
348751,Deante’ Hitchcock – “Timeless Sh*t”,6/19/2017 8:54:45 PM
348750,Deniro Farrar Drops ‘Mind Of A Gemini II’ Mixtape,6/19/2017 9:48:13 PM
348749,New Video: Dave East “What Is The Hold Up”,6/17/2017 4:46:46 PM
348748,New Mixtape: Troy Ave ‘Style 4 Free (Issue 1)’,6/17/2017 5:13:52 PM
348747,New Music: Sage The Gemini “Reverse”,6/17/2017 6:45:35 PM
348746,Phil Anselmo's SCOUR Cover PANTERA's Strength Beyond Strength live at Saint Vitus Bar Jun. 15th 2017,6/18/2017 4:10:03 PM
348745,New Music: GLC “Sankofa With Kwesi”,6/17/2017 8:59:27 PM
348744,New Video: Cypress Hill “Reefer Man”,6/19/2017 11:48:46 AM
348743,New Video: Boston George Ft. Jeezy “Get Sum Money”,6/19/2017 12:04:57 PM
348742,New Music: Dave East “Only One King (Remix)”,6/19/2017 12:35:56 PM
348741,New Video: 2 Chainz Ft. Migos “Blue Cheese”,6/19/2017 4:19:43 PM
348740,New Music: K Camp “Racks Like This”,6/19/2017 4:40:13 PM
348739,REMAIN live at Saint Vitus Bar Jun. 15th 2017,6/18/2017 6:22:33 PM
348738,New Video: Nick Grant “Bouncin”,6/19/2017 6:22:54 PM
348737,New Video: Tory Lanez Ft. Dave East “Loud Pack”,6/19/2017 6:32:17 PM
348736,New Video: Kid Ink “Lottery”,6/19/2017 6:41:58 PM
348735,New Video: Ice Cube ‘Big 3″,6/19/2017 6:59:08 PM
348734,New Music: 24hrs “Twenty Did It Again”,6/19/2017 7:21:50 PM
348733,New Music: Royce 5’9″ “C. Delores”,6/19/2017 7:32:45 PM
348732,WREATH OF TONGUES live at Saint Vitus Bar Jun. 15th 2017,6/18/2017 6:24:55 PM
348731,New Music: Styles P “Trey Bags”,6/19/2017 9:41:31 PM
348730,New Video: Hall N’ Nash (Westside Gunn & Conway) “MachineGun Black”,6/19/2017 9:55:04 PM
348729,Thoreau Remixes Bronze Whale & Popeska’s ‘Imagine’ [PREMIERE],6/19/2017 6:16:08 PM
348728,Deadmau5 Trolls DJ Khaled After Being Booed Off Stage,6/19/2017 7:22:47 PM
348727,Dillon Francis Gets Killer Remix From Doom Dudash,6/19/2017 7:54:05 PM
348726,Twitter Gives The Chainsmokers Geography Lessons Following Their Tour Announcement,6/19/2017 8:05:17 PM
348725,TEN TON HAMMER live at Saint Vitus Bar Jun. 15th 2017,6/18/2017 6:25:19 PM
348724,LO Releases Catchy New Tune With Andreyun & Louam,6/19/2017 10:53:50 PM
348723,Uh Oh! Tupac’s Estate Allegedly Compares ‘All Eyez On Me’ To Lifetime’s Aaliyah Biopic,6/19/2017 6:09:31 PM
348722,Vic Mensa Calls Out DJ Akademiks To His Face For Sensationalizing Chicago Violence (VIDEO),6/19/2017 7:25:05 PM
348721,SZA Talks Using Hallucinogens To Get Over Writer’s Block Breaks Down Finding Her Sound (VIDEO),6/19/2017 8:10:42 PM
348720,REVIEW: ‘The Murder Business’ by Annimeanz,6/19/2017 9:05:17 PM
348719,Atlanta Entertainment Basketball League: For the Love Basketball and Community,6/19/2017 10:01:43 PM
348718,Chance The Rapper stars in new Twitter Music campaign,6/19/2017 4:10:31 PM
348717,GROUND live at Saint Vitus Bar Jun. 15th 2017,6/18/2017 6:25:43 PM
348716,Kansas City’s Kiyah Mitchell drops off a taste of “Hollywood”,6/19/2017 4:19:39 PM
348715,Listen to Rory Fresco’s new album ‘Teen Spirit’,6/19/2017 4:25:52 PM
348714,Is No ID producing the entire new Jay Z album?,6/19/2017 4:28:55 PM
348713,Vic Mensa partners with Sprite for new customized can,6/19/2017 4:50:53 PM
348712,Premiere: Vince Ash drops new video for “Deuce Style”,6/19/2017 5:21:36 PM
348711,Watch Vic Mensa on Everyday Struggle,6/19/2017 6:41:35 PM
348710,A PERFECT CIRCLE Announce Fall 2017 Tour Dates,6/19/2017 3:03:48 PM
348709,Listen to Paper Paulk’s new single “Truthfully”,6/19/2017 7:53:50 PM
348708,Calez celebrates fatherhood in “HEARTbeat” video,6/19/2017 8:50:20 PM
348707,IT’S HAPPENING IT’S HAPPENING JESUS CHRIST IT’S FINALLY HAPPENING,6/12/2017 4:06:40 PM
348706,DEAD CROSS Unveil Chaotic Seizure & Desist Music Video,6/19/2017 5:46:04 PM
348705,fusq – Blush (feat. MYLK),6/19/2017 5:40:30 PM
348704,Lee Burridge’s All Day I Dream Announces New World Tour ‘A Summer of Love’!,6/19/2017 5:47:09 PM
348703,EP Review: OBSTINATE Infraction,6/19/2017 8:22:08 PM
348702,GoldFish Show Their Skills in New Live Video for “Deep Of The Night”,6/19/2017 5:56:07 PM
348701,“What We Started” Aims To Be The Definitive Film Of EDM History,6/19/2017 8:11:36 PM
348700,Watch Paramore Cover Drake’s “Passionfruit”,6/19/2017 2:46:52 PM
348699,YourEDM Premiere: The Kite String Tangle – The Prize (JackLNDN Remix),6/19/2017 9:59:42 PM
348698,Warpaint Records’ Control Releases “Do Something” & We Can’t Stop Playing It,6/19/2017 10:23:15 PM
348697,Watch EL VY And The Cast Of Bob’s Burgers Perform Live In LA,6/18/2017 10:28:34 PM
348696,Preview New Jay Z Song “Adnis” In 4:44 Trailer,6/19/2017 1:58:01 AM
348695,Jay Z Announces New Album 4:44 Out Next Week,6/19/2017 11:49:13 AM
348694,Baio – “PHILOSOPHY!” Video,6/19/2017 12:32:23 PM
348693,Moby & The Void Pacific Choir – “In This Cold Place” Video,6/19/2017 2:22:09 PM
348692,Vince Staples Got His Own Sprite Can,6/19/2017 2:30:07 PM
348691,Third Man Records Announces Deluxe Reissue Box Set of The White Stripes’ Icky Thump,6/19/2017 4:36:24 PM
348690,Watch Metro Boomin Bring Out Drake At Electric Daisy Carnival,6/19/2017 2:46:12 PM
348689,Suno Deko – “Swan Song” Video,6/19/2017 2:59:26 PM
348688,Stream Christian Scott aTunde Adjuah Diaspora,6/19/2017 3:14:39 PM
348687,Asian-American Band The Slants Win Supreme Court Battle Over Offensive Trademarks,6/19/2017 4:00:10 PM
348686,The Pollyseeds – “Funny How Time Flies” (Janet Jackson Cover),6/19/2017 4:34:03 PM
348685,Cameron Boucher – “Hell Is Warm”,6/19/2017 5:34:03 PM
348684,1 Dead 1000 Seek Medical Treatment at Las Vegas’ Electric Daisy Carnival,6/19/2017 8:28:21 PM
348683,Haim – “Little Of Your Love”,6/19/2017 6:27:45 PM
348682,Stream Jesse Hard Sky,6/19/2017 7:27:56 PM
348681,Lynyrd Skynyrd Sue Ex-Drummer Over Biopic,6/19/2017 8:27:19 PM
348680,Tobacco – “Got Wet In The Bomb Shelter”,6/19/2017 8:33:55 PM
348679,Future Reportedly Hit Desiigner With A Copyright Infringement Claim Over “Panda”,6/19/2017 10:59:20 PM
348678,Nosaj Thing announces fourth album Parallels,6/15/2017 11:16:00 AM
348677,Billboard Changes Rule To Prevent Various Artist Playlists From Dominating Album Chart,6/19/2017 8:30:40 PM
348676,Bicep to release first album on Ninja Tune,6/15/2017 2:00:00 PM
348675,Jesse Kanda responds to The Horrors artwork dispute,6/15/2017 9:31:00 PM
348674,Lorde Says Max Martin’s “Incorrect Songwriting” Comment Was About “Royals” and Not “Green Light”,6/19/2017 9:00:11 PM
348673,Demdike Stare and Finders Keepers' Dead-Cert releases archival recordings from Bruce Ditmas,6/15/2017 9:42:00 PM
348672,KiNK's Aphex Twin tribute EP gets expanded reissue,6/16/2017 3:58:00 AM
348671,Review: Lorde Is a Visionary in the Dark on Melodrama,6/16/2017 5:24:59 PM
348670,DJ Sotofett remixes Auntie Flo's 'For Mihaly' on new Highlife EP,6/16/2017 11:26:00 AM
348669,Vancouver introduces Sydney-style lockout laws,6/16/2017 2:00:00 PM
348668,Troubled Lyon boat venue Razzle  opens in Marseille,6/16/2017 2:20:00 PM
348667,Horse Meat Disco reveal debut single Waiting For You To Call,6/17/2017 12:25:00 PM
348666,Frank & Tony disband after final EP Odes,6/18/2017 10:05:00 PM
348665,LCD Soundsystem announce fourth album American Dream and world tour,6/19/2017 8:08:00 AM
348664,Boards Of Canada remix Nevermen's 'Mr Mistake' on new 7-inch,6/19/2017 9:23:00 AM
348663,Review: 2 Chainz’s Pretty Girls Like Trap Music Could Only Have Been Made By Him,6/19/2017 8:08:00 PM
348662,Andrew Weatherall signs Zu Dobson for EP on Bird Scarer Records,6/19/2017 2:41:00 PM
348661,JASSS to release first album Weightless on iDEAL Recordings,6/19/2017 2:50:00 PM
348660,Flashback: Watch Linda Ronstadt Croon 'Blue Bayou' With the Muppets,6/13/2017 10:45:23 PM
348659,New Aphex Twin record on sale at Todd Osborn's Technical Equipment Supply shop in Michigan,6/19/2017 8:24:00 PM
348658,♫ Listen: Yoshimi - Atavism,6/19/2017 12:41:44 PM
348657,♫ Listen: Bryant Canelo - “henni matisse”,6/19/2017 2:12:19 PM
348656,♫ Listen: Swan Meat & Yoshitaka Hikawa - “casual surgical slang”,6/19/2017 4:05:25 PM
348655,♫ Listen: House and Land - “False True Lover”,6/19/2017 7:24:37 PM
348654,Ranking: Every Pixar Movie From Worst to Best,6/15/2017 4:00:22 AM
348653,Review: Jason Isbell and the 400 Unit Look Outward on 'The Nashville Sound',6/15/2017 2:56:00 PM
348652,Film Review: Rough Night,6/15/2017 5:10:13 AM
348651,46 years later Yoko Ono receives songwriting credit on John Lennon’s “Imagine”,6/15/2017 5:25:13 AM
348650,Review: Lorde's 'Melodrama' Is Fantastically Intimate a Production Tour De Force,6/16/2017 1:43:00 PM
348649,Listen to an unreleased version of Kendrick Lamar’s “DNA.”,6/15/2017 2:55:22 PM
348648,Washed Out unveils new song “Hard to Say Goodbye” — listen,6/15/2017 3:05:58 PM
348647,Early Brian Eno solo albums receive 45RPM vinyl remasters,6/15/2017 4:40:27 PM
348646,Paul McCartney Knighthood Elevated With Companion of Honour Award,6/17/2017 6:45:54 PM
348645,Details of Leonard Cohen tribute exhibition revealed The National Sufjan Stevens contribute,6/15/2017 4:47:50 PM
348644,Blonder talks love and desire on debut $5 EP: Stream,6/15/2017 5:20:28 PM
348643,Ride share dramatic new video for “All I Want” — watch,6/15/2017 5:30:15 PM
348642,G Herbo announces new album Humble Beast shares powerful music video for “Red Snow” — watch,6/15/2017 6:59:07 PM
348641,Elizabeth Banks slams Steven Spielberg for having “never made a movie with a female lead”,6/15/2017 7:25:54 PM
348640,Kevin Smith’s Krampus film is now an anthology called Killroy Was Here production now underway,6/15/2017 10:10:24 PM
348639,Hear Me Roar: Why Batman Returns is the Best of the Franchise,6/16/2017 4:00:31 AM
348638,On the Charts: Katy Perry's 'Witness' Debuts at Number One,6/18/2017 9:33:28 PM
348637,Film Review: The Book of Henry,6/16/2017 4:00:53 AM
348636,Lindsey Buckingham / Christine McVie – Lindsey Buckingham / Christine McVie,6/16/2017 4:00:57 AM
348635,Portugal. The Man release new album Woodstock: Stream/download,6/16/2017 4:40:28 AM
348634,M.I.A. shares video for “Finally” — watch,6/16/2017 1:38:39 PM
348633,Ronnie James Dio’s wife slams Gene Simmons’ “disgusting” attempt to trademark the devil’s horns gesture,6/16/2017 4:02:01 PM
348632,President Obama congratulates Jay Z for induction into Songwriters Hall of Fame — watch,6/16/2017 4:20:14 PM
348631,Cathedrals share dreamy starry-eyed new single “With You” — listen,6/16/2017 4:30:56 PM
348630,Phish drummer Jon Fishman elected to local office,6/16/2017 5:50:03 PM
348629,Jay Z Details New Album '4:44',6/19/2017 12:45:00 PM
348628,Shania Twain announces first album in 15 years Now premieres “Life’s About to Get Good” — listen,6/16/2017 5:50:38 PM
348627,Los Angeles shines the Bat Signal in honor of Adam West,6/16/2017 6:15:52 PM
348626,Cold Specks shares hopeful new single “Wild Card” — listen,6/16/2017 7:45:24 PM
348625,Michael Phelps will race a great white shark for Shark Week,6/16/2017 8:51:18 PM
348624,Film Review: All Eyez on Me,6/16/2017 9:03:51 PM
348623,R.I.P. John G. Avildsen Oscar-winning director of Rocky has died,6/17/2017 12:00:53 AM
348622,Fleet Foxes perform “Third of May” on Colbert — watch,6/17/2017 3:25:48 PM
348621,Justin Vernon reunites The Shouting Matches performs with Jeff Tweedy Dessner brothers at Eaux Claires — watch,6/17/2017 9:29:49 PM
348620,LCD Soundsystem Announce New LP 'American Dream' U.S. Tour,6/19/2017 1:16:36 PM
348619,Album Review: Jeff Tweedy – Together at Last,6/18/2017 4:00:07 AM
348618,Jimi Hendrix Park Opens to Public in Seattle After Years of Delays,6/19/2017 2:42:09 PM
348617,HAIM covers Shania Twain’s “Man! I Feel Like a Woman” — watch,6/18/2017 6:45:09 PM
348616,Jay Z announces new album 4:44 due out later this month,6/19/2017 4:36:06 AM
348615,Recapping Twin Peaks: The Return: Part 7,6/19/2017 6:01:35 AM
348614,LCD Soundsystem announce new album American Dream plus lengthy tour,6/19/2017 12:17:35 PM
348613,Fleet Foxes perform songs from new album Crack-Up on CBS This Morning — watch,6/19/2017 1:41:33 PM
348612,Film Review: Nobody Speak: Trials of the Free Press,6/19/2017 2:00:27 PM
348611,A Perfect Circle Plot Fall North American Tour ,6/19/2017 3:01:00 PM
348610,A Perfect Circle announce North American arena tour for this fall,6/19/2017 2:30:39 PM
348609,Hudson Mohawke shares thumping new song “Passports” — listen,6/19/2017 2:50:14 PM
348608,Art-rock outfit Bent Knee share major label debut album Land Animal: Stream,6/19/2017 2:55:45 PM
348607,Supreme Court won’t hear infamous Prince vs Dancing Baby copyright case,6/19/2017 3:03:52 PM
348606,Film Review: The Big Sick,6/19/2017 4:00:54 PM
348605,JAY-Z brings back the hyphen presses caps lock on his name,6/19/2017 4:21:45 PM
348604,Carrie Fisher had cocaine heroin and ecstasy in her system autopsy reveals,6/19/2017 4:27:45 PM
348603,Monterey Pop Celebrates 50th Anniversary With Classic Covers Mellow Vibes,6/19/2017 3:10:00 PM
348602,A kid befriends a robot soldier in ODESZA’s video for “Line of Sight” — watch,6/19/2017 4:52:50 PM
348601,The Slants win Supreme Court case over disparaging trademarks,6/19/2017 5:25:00 PM
348600,Inside Metallica's Mammoth WorldWired Tour Their Biggest Trek Ever,6/19/2017 3:22:00 PM
348599,HAIM unveil studio version of “Little of Your Love” — listen,6/19/2017 6:55:36 PM
348598,Fischerspooner share first new song in eight years “Have Fun Tonight” co-written by Michael Stipe Boots — listen,6/19/2017 7:56:38 PM
348597,Chicago Rapper Jayaire Woods Gets Theatrical on “Big”,6/11/2017 2:00:00 PM
348596,Quavius’ Deep House Is Poetic,6/12/2017 1:30:00 PM
348595,6LACK Makes Smooth R&B About Twitter Trolls on “That Far”,6/12/2017 4:20:00 PM
348594,Album Review: SUFFOCATION ...Of the Dark Light,6/18/2017 3:56:34 PM
348593,Destroy Everything With INTEGRITY's Hymn For The Children Of The Black Flame,6/18/2017 4:17:55 PM
348592,This MISFITS / DANZIG Meets King Of The Hill Mashup Is Far Better Than Expected!,6/18/2017 4:24:25 PM
348591,AS I LAY DYING Frontman Tim Lambesis Teases Return,6/19/2017 2:31:41 PM
348590,Ed Sheeran Weighs In on Taylor Swift Katy Perry Feud,6/19/2017 3:34:00 PM
348589,SLIPKNOT's Jay Weinberg & His Dad Max Weinberg Appear In Drumming Commercial For Father's Day,6/19/2017 3:15:06 PM
348588,Austin Carlile's Emergency Surgery Unsuccessful Will Be Flown To The U.S. For Testing,6/19/2017 4:04:48 PM
348587,Chad Kroeger Slams Corey Taylor Calls STONE SOUR NICKELBACK Lite Challenges Taylor To Write A Hit Song,6/19/2017 5:05:51 PM
348586,Metal Song with 45 Instruments Is Heavy-As-Fuqq,6/19/2017 6:21:02 PM
348585,The Meek Won't Inherit Shit Says BROKEN HOPE In A New Song,6/19/2017 7:04:27 PM
348584,ELUVEITIE Share New Song Epona To Release Evocation II - Pantheon In August,6/19/2017 7:42:53 PM
348583,How Did Kids React To Hearing IRON MAIDEN For The First Time?,6/19/2017 7:47:20 PM
348582,White Stripes Demos Set for 'Icky Thump' 10th Anniversary Reissue,6/19/2017 5:25:32 PM
348581,GWAR Play New Song Fuck This Place Live And It Sounds Awesome!,6/19/2017 8:14:14 PM
348580,The Monday Grind: DEPHOSPHORUS Impossible Orbits Is Otherworldly Astrogrind,6/19/2017 8:24:48 PM
348579,CARACH ANGREN Posts Typically Creepy-As-Hell Video For Charles Francis Coghlan,6/19/2017 9:34:45 PM
348578,Megyn Kelly’s Alex Jones Interview Was Good for 1 Thing: Making Him Self-Conscious About How Sweaty He Is,6/19/2017 4:56:40 PM
348577,New Yorker Profile Reminds Us That Father John Misty Is Obsessed With His Press,6/19/2017 5:01:45 PM
348576,Haim – “Little of Your Love”,6/19/2017 6:10:23 PM
348575,Why Was a Real Life Rapper Cast as Tupac’s Shooter in All Eyez on Me?,6/19/2017 6:34:10 PM
348574,How Pop-Punk Survivors All Time Low Finally Grew Up,6/19/2017 5:55:00 PM
348573,Donald Trump’s Lawyer Plays in a Crappy Republican Rock Band With the Ex-Singer of Kansas,6/19/2017 8:14:34 PM
348572,Review: Lindsey Buckingham and Christine McVie’s New Album Will Please and Perplex Fleetwood Mac Fans,6/13/2017 8:08:15 PM
348571,Review: Ride’s Disappointing Comeback Album Weather Diaries Lacks the Things That Made Them Great,6/15/2017 5:02:39 PM
348570,Review: Fleet Foxes’ Crack-Up Is a Successfully Daring Step Forward,6/16/2017 2:37:51 PM
348569,Flashback: A Kiss Song Unites Mankind In Bill and Ted's Bogus Journey,6/13/2017 9:34:46 PM
348568,See 'Transparent' Matriarch Maura Eat Weed Gummy in New Trailer,6/15/2017 3:26:00 PM
348567,Review: Fleet Foxes Up Their Prog Game on Epic 'Crack-Up',6/15/2017 2:42:00 PM
348566,Radiohead Stage Collapse: Mistrial Declared New Trial Ordered ,6/19/2017 6:36:16 PM
348565,Bob Seger: 15 Songs You Can Stream Now,6/17/2017 5:36:00 PM
348564,Beyonce Gives Birth to Twins,6/18/2017 2:19:00 AM
348563,See Billy Joel Cover Beatles' 'A Day in the Life' in Green Bay,6/18/2017 5:10:32 PM
348562,The Wild Life and Wounded Heart of Machine Gun Kelly,6/19/2017 2:32:00 PM
348561,Lynyrd Skynyrd Sue Former Drummer Over Biopic Plans,6/19/2017 7:54:56 PM
348560,Hear Haim's Dizzying New Song 'Little of Your Love',6/19/2017 8:26:31 PM
348559,DJ Khaled Claims He Was 'Sabotaged' After Disastrous EDC Set ,6/19/2017 9:21:00 PM
348558,Minionok parádéznak Pharrell Williams új klipjében,6/11/2017 5:39:03 AM
348557,Legújabb videójában felfedi titkait a The Weeknd,6/12/2017 1:49:34 PM
348556,Selena Gomez több szerepben is feltűnik legújabb videoklipjében,6/15/2017 12:51:40 PM
348555,Új klipet forgat JLO,6/16/2017 2:13:19 PM
348554,Jay-Z az első rapper akit dalszerzőként avanzsálnak halhatatlanná ,6/16/2017 2:01:57 PM
348553,Dante pokla - Septic Flesh-dalpremier,6/14/2017 2:00:00 PM
348552,Tánci és röhögcse hollófeketében - Carach Angren-lemezpremier,6/15/2017 2:00:00 PM
348551,Hiperolcsó csodálatosan vidám és őszinte - Itt a Tej nyári slágere klipesítve,6/16/2017 8:25:02 AM
348550,Electric Daisy Carnival: One Dead Over 1000 Seek Medical Attention,6/20/2017 12:16:23 AM
348549,A Five Finger Death Punch tragikomédiája öt lépésben,6/16/2017 1:06:03 PM
348548,Beyoncé a leggazdagabb női előadó,6/14/2017 9:23:29 AM
348547,Egyre furább lesz a Leprous,6/16/2017 1:18:42 PM
348546,A bunkó mosómedve és a szűkszavú faág kalandjai - A Galaxis őrzői Vol. 2.-kritika,6/17/2017 2:39:58 PM
348545,A Rómeó Vérzik nagyon örül a nyárnak,6/19/2017 9:00:00 AM
348544,Katy Perry Taylor Swiftnek: Isten áldjon utadon kicsi lány,6/14/2017 1:10:45 PM
348543,Jagara’s new “anti-ballad” is a blinding shard of pop glory,6/16/2017 1:58:00 PM
348542,Stockholm duo Indiia release debut single “Out Of Love” via Black Butter Records,6/16/2017 2:12:00 PM
348541,Új lemezzel ünnepli ikreinek születését Jay-Z,6/19/2017 2:28:53 PM
348540,Sälen announce free all-day party share acid-soaked pop number “So Rude”,6/16/2017 2:46:00 PM
348539,Vermont enigma Black Fly returns with “Dipped”,6/16/2017 3:42:00 PM
348538,The tongue-in-cheek “Uh-Oh Baby” is Feelium’s newest release,6/16/2017 4:27:00 PM
348537,Ride reform do some gigs and release an album up there with their best - simple,6/17/2017 8:30:00 AM
348536,Goldie takes a chance on The Journey Man,6/17/2017 8:30:00 AM
348535,Tijuana Bibles at King Tut’s in Glasgow,6/18/2017 2:00:00 PM
348534,Popzene nem hülyéknek - Új Köpönyegforgatók-klip,6/14/2017 12:00:00 PM
348533,The Story of Phono del Sol in Fifty Photographs,6/18/2017 7:00:00 PM
348532,Judaskyssen return with the epic ravedeath of “Vit flagg”,6/19/2017 9:30:00 AM
348531,Erin Rae continues her upwards trajectory on country jewel “Wild Blue Wind”,6/19/2017 9:30:00 AM
348530,Vince Staples makes an assertive artistic statement for turbulent times,6/19/2017 10:30:00 AM
348529,Adele producerével vette fel új lemezét a Queens Of The Stone Age,6/14/2017 4:37:30 PM
348528,The Last Dinosaur addresses a question of mortality on “All My Faith”,6/19/2017 11:30:00 AM
348527,Lød make no concessions on the nine-minute clanging motorik groove of “Så Blå”,6/19/2017 12:10:00 PM
348526,Multi-instrumentalist and illustrator Jerkcurb steps into another world on “Voodoo Salon”,6/19/2017 1:30:00 PM
348525,Ilyen volt a Simple Plan a Budapest Parkban,6/15/2017 9:59:00 AM
348524,Esther Joy looks into the abyss on sinister electro track “Samgel”,6/19/2017 3:10:00 PM
348523,Japanese Breakfast at The Chapel in San Francisco,6/19/2017 4:00:00 PM
348522,Moor Mother x Mental Jewelry - Crime Waves,6/14/2017 10:00:00 AM
348521,Strymon - Sunset Dual Overdrive,6/14/2017 1:24:00 PM
348520,Florian Kupfer - Post Present,6/14/2017 4:00:00 PM
348519,Loke Rahbek - City Of Women,6/15/2017 4:00:00 AM
348518,The Era Footwork Crew -  So·lo (z) EP,6/15/2017 10:00:00 AM
348517,Yoko Ono negyvenöt év után lett az Imagine társszerzője,6/15/2017 11:04:48 AM
348516,DJ Deep ‎- Parisian Kid EP,6/15/2017 4:00:00 PM
348515,Steffi - fabric 94,6/16/2017 4:00:00 AM
348514,Various - Firma Do Txiga,6/16/2017 4:00:00 AM
348513,A Mastodon felnőtt önmagához - koncertkritika,6/15/2017 11:49:58 AM
348512,DeViere & Ali Berger - Free Gherkin Vol. 1,6/16/2017 10:00:00 AM
348511,Jeff Mills and the Britten Sinfonia at The Barbican,6/17/2017 4:00:00 AM
348510,Sum 41 a Budapest Parkban,6/16/2017 6:39:50 AM
348509,Hanna - Bounce,6/19/2017 4:00:00 AM
348508,Radioactive Man - Luxury Sky Garden,6/19/2017 4:00:00 AM
348507,Black Coffee at Hï Ibiza,6/19/2017 9:00:00 AM
348506,_moonraker - Unvarete II,6/19/2017 10:00:00 AM
348505,Meg is jött az új Queens Of The Stone Age-dal,6/16/2017 8:11:52 AM
348504,Hugo Massien - No Return,6/19/2017 4:00:00 PM
348503,Kraftwerk's Ralf Hütter speaks to the Guardian,6/16/2017 10:01:00 AM
348502,Epilepsziásoknak nem biztos hogy jó lesz az Arcade Fire új klipje,6/16/2017 1:40:21 PM
348501,New festival KALLIDA​ reveals lineup of visual artists for first edition,6/16/2017 12:07:00 PM
348500,Príncipe's Puto Anderson releases video for 'Gritos Do Infinito',6/16/2017 12:21:00 PM
348499,Sosem volt még ilyen sokszínű a Gorillaz,6/17/2017 12:50:16 PM
348498,Keep On Dancing books Chez Damier Cobblestone Jazz for Heart Ibiza residency,6/16/2017 12:38:00 PM
348497,Mix of the day: François X,6/17/2017 7:00:00 AM
348496,Zene nélkül biztos hogy idegroncs lennék - Mastodon-interjú Brann Dailor dobossal,6/18/2017 9:03:07 AM
348495,RA's head of films talks Real Scenes: London on Radio 1,6/18/2017 1:11:00 PM
348494,DJ Fett Burger headlines Cracki party in Paris,6/19/2017 4:45:00 AM
348493,Csűrdöngölős örmény metál az esőben - Néhány bekezdés az idei Nova Rockról,6/18/2017 3:02:55 PM
348492,Nick Höppner's favourite record sleeves,6/19/2017 10:01:00 AM
348491,Edward: Innocence and influences,6/19/2017 1:16:00 PM
348490,Louie Vega and Francois K join Gilles Peterson's Worldwide FM,6/19/2017 3:17:00 PM
348489,Már a Rancid miatt megérte elmenni Green Dayre,6/19/2017 11:13:00 AM
348488,Answer Code Request Woody play RADION,6/19/2017 3:23:00 PM
348487,Hudson Mohawke shares new track Passports for Silicon Valley TV show,6/19/2017 4:11:00 PM
348486,Stream Steve Rachmad's album as Sterac Electronics,6/19/2017 5:06:00 PM
348485,Nick Höppner lines up three US dates,6/19/2017 10:02:00 PM
348484,Matekmetál és Száncsán Barbi - Timur Lenk a pilisszentiváni Rock a Villa Körül Fesztiválon,6/19/2017 12:29:26 PM
348483,Real Scenes: London,6/14/2017 7:00:00 AM
348482,Chino Amobi: Iron sharpening iron,6/16/2017 4:43:00 AM
348481,The Stone Roses at Wembley Stadium in London,6/18/2017 7:15:00 AM
348480,Stoned Love: The Stone Roses live in London,6/18/2017 9:20:00 AM
348479,Super Furry Animals – “The Boy With The Thorn In His Side” (The Smiths Cover),6/19/2017 8:32:07 PM
348478,Paramore at the Royal Albert Hall in London,6/19/2017 9:00:00 PM
348477,Lady Starlight - Untitled,6/15/2017 4:00:00 AM
348476,Ibeyi: Away Away – videoklip a francia-kubai ikerduó második albuma elé,6/12/2017 1:48:39 PM
348475,Gottwood Festival 2017: Five key performances,6/15/2017 12:45:00 PM
348474,Wolf Alice: Yuk Foo – egy Fuck You-dal Ellie Rowsell zenekarának új albumáról,6/12/2017 10:54:15 PM
348473,Southport Weekender Festival 2017,6/16/2017 8:00:00 AM
348472,The Horrors: Machine – új dal három év után a Depeche Mode-turnéhoz igazítva,6/13/2017 2:07:29 PM
348471,Grand Mal x - KESS05,6/16/2017 4:00:00 PM
348470,Death From Above: Freeze Me – új klipdal a MSTRKRFT vezérének rockzenekarától,6/14/2017 6:51:46 AM
348469,Sharon Van Etten a Sonic Youth-gitáros Lee Ranaldo új albumán,6/14/2017 3:10:57 PM
348468,Bruno Pronsato - US Drag,6/17/2017 4:00:00 AM
348467,The Killers: The Man + Run For Cover – dalok az öt év után érkező új albumról,6/15/2017 2:18:57 AM
348466,Clive Henry East End Dubs play Studio 338 fundraiser for Grenfell Tower fire,6/16/2017 12:13:00 PM
348465,Queens Of The Stone Age: The Way You Used To Do – az első teljes dal a Mark Ronsonnal készült albumról,6/15/2017 4:46:13 PM
348464,SØS Gunver Ryberg Luke Vibert play Krake Festival 2017,6/16/2017 12:36:00 PM
348463,Ghostly hosts Geotic (Baths) and Jacques Greene in Detroit,6/16/2017 5:03:00 PM
348462,Kasabian: Bless This Acid House – videoklip,6/16/2017 3:45:33 PM
348461,Foo Fighters: Lah Di Da + további új dalok élőben a hattagú zenekartól,6/18/2017 3:51:50 AM
348460,Jamie xx-scored ballet Tree Of Codes to feature at Melbourne Festival 2017,6/19/2017 4:30:00 AM
348459,Jack White Beck Nas Elton John és Willie Nelson az American Epic tévésorozatban,6/19/2017 6:29:52 AM
348458,Mister Saturday Night take over RA Instagram ahead of 250th party,6/19/2017 1:21:00 PM
348457,Taylor Swift Sees 4 Albums Back on Billboard 200 After Streaming Return,6/19/2017 7:36:05 PM
348456,Sven Väth Jackmaster play Uno Village in Malta,6/19/2017 3:25:00 PM
348455,Chris Brown & Ray J Team Up for 'Burn My Name' Mixtape,6/19/2017 7:52:40 PM
348454,Fourth World in the 21st century,6/12/2017 9:00:00 AM
348453,1 Dead 1000 Seek Medical Treatment at Las Vegas' Electric Daisy Carnival,6/19/2017 8:02:05 PM
348452,Breaking Through: Lanark Artefax,6/19/2017 11:00:00 AM
348451,Cam'ron Says He Knew About Bill O'Reilly's Sexual Harassment Allegations Before 2003 Interview,6/19/2017 8:08:05 PM
348450,Hudson Mohawke Remy Banks Stamp 'Passport' With Entry on HBO's 'Silicon Valley' Soundtrack: Listen,6/19/2017 8:48:05 PM
348449,Armin van Buuren Tiesto Alesso & More Live Sets From EDC Vegas 2017: Listen,6/19/2017 8:51:05 PM
348448,Electric Daisy Carnival's Pasquale Rotella Responds to Complaints of Fans Waiting Hours for Shuttles,6/19/2017 9:14:05 PM
348447,No I.D. to Produce JAY-Z's Entire '4:44' Album,6/19/2017 9:22:05 PM
348446,Nice Try Flower Crowns: Festival Season This Year Is All About the 'RompHim',6/19/2017 9:25:05 PM
348445,Vice Raises $450 Million From TPG Boosts Valuation to $5.7 Billion,6/19/2017 10:19:50 PM
348444,From Action Bronson to Cam'ron: 10 Wrestling-Inspired Rap Songs,6/19/2017 11:41:05 PM
348443,Katy Perry Demo of Britney Spears' 'Passenger' Leaks Online,6/19/2017 11:49:00 PM
348442,Klippremier! Calidora: Újrafestem,6/15/2017 5:00:00 PM
348441,Egy jó dal mindent túlél – Pierre Bouvier (Simple Plan)-interjú,6/16/2017 1:40:51 PM
348440,Tara Jane O’Neil: Tara Jane O’Neil (lemezkritika),6/17/2017 7:29:00 AM
348439,Ilyen festményeket készít Kurt Cobain lánya,6/17/2017 7:46:38 AM
348438,Damon vízzel hint – Gorillaz-koncert a Várkert Bazárban (galéria),6/17/2017 10:00:00 AM
348437,Cipőbámulás felsőfokon – 20 klasszikus lemez,6/18/2017 5:00:00 PM
348436,Gato Preto: Tempo (lemezkritika),6/19/2017 6:41:00 AM
348435,Augusztusban új lemezzel jelentkezik a Queens Of The Stone Age ízlelgessük új dalukat!,6/19/2017 11:00:00 AM
348434,Dalpremier! Lynd: Why,6/19/2017 5:00:00 PM
348433,WHY?,6/14/2017 7:03:54 PM
348432,Ripplemaker is a West Coast-inspired modular synth for iOS,6/19/2017 11:18:18 AM
348431,Thundercat Little Dragon and more: The sun synths and spectacle of Sónar 2017 in photos,6/19/2017 12:27:19 PM
348430,Step inside Curiosibot’s Laser Room at Sónar 2017,6/19/2017 2:34:18 PM
348429,Hudson Mohawke shares new song ‘Passports’ from Silicon Valley,6/19/2017 2:36:37 PM
348428,FACT mix 606: RAMZi,6/19/2017 3:57:03 PM
348427,Royce 5’9 Announces ‘The Bar Exam 4’ Release Date Drops “C. Delores”,6/19/2017 7:56:10 PM
348426,Styles P Bodies Three More Tracks From Jay Rock Playboi Carti & SiR,6/19/2017 10:01:24 PM
348425,New Music: Jhene Aiko Ft. Chris Brown “Hello Ego (Don’t Stop)”,6/17/2017 8:03:02 PM
348424,JAY-Z Announces New Album ‘4:44’,6/19/2017 12:16:07 PM
348423,New Mixtape: Ray J & Chris Brown ‘Burn My Name’,6/19/2017 6:37:16 PM
348422,Martin Garrix And Dua Lipa Were Seen Kissing On The Set Of Her New Video,6/19/2017 6:58:22 PM
348421,Man Dies At EDC Las Vegas 2017 Of Apparent Heat-Related Issues,6/19/2017 7:02:25 PM
348420,Vin Ryan Releases Hot Summer Progressive Track,6/19/2017 7:07:35 PM
348419,EDC Las Vegas 2017 Day 3 Live Sets: Listen Here,6/19/2017 10:47:58 PM
348418,Kaskade Ended Up Playing A Surprise Set at EDC Las Vegas 2017,6/19/2017 11:38:27 PM
348417,Common playing Ravinia this Saturday (6/24) FSD readers get a 20% discount on tickets,6/19/2017 5:06:39 PM
348416,A parrot has been given an exclusive first listen of Calvin Harris’ ‘Funk Wav Bounces Vol 1’,6/13/2017 9:00:51 AM
348415,Lorde’s secret onion ring Instagram account is a good reminder that popstars walk among us,6/13/2017 2:40:27 PM
348414,New Music Friday: Jax Jones Demi Lovato and Stefflon Don at the top Icona Pop at the bottom various songs in between,6/16/2017 9:45:36 AM
348413,A reminder on the day of our Lorde June 16 2017 that the Hey Violet album is also really good,6/16/2017 4:28:21 PM
348412,KSHMR Releases New Soundpack With 7 Skies On Standalone-Music,6/19/2017 6:03:04 PM
348411,Mamby On The Beach Premieres an Exclusive Green Velvet Documentary in Honor of Relief Records’ 25th Anniversary,6/19/2017 6:06:13 PM
348410,One Reported Dead Of Apparent Heat-Related Issues During EDC 2017,6/19/2017 6:31:58 PM
348409,Mamby On The Beach Reveals After Parties Along with Map and Set Times,6/19/2017 6:39:27 PM
348408,Drake Wins The Weekend As Surprise Guest At EDC 2017 [WATCH],6/19/2017 7:30:30 PM
348407,Deadmau5 Reacts to DJ Khaled at EDC Meanwhile DJ Khaled Shares A Major Key In All This,6/19/2017 8:33:28 PM
348406,Hardwell Drops Pumped-Up Unreleased Tracks and IDs at Electric Daisy Carnival [LISTEN],6/19/2017 10:27:39 PM
348405,EDC By the Numbers: 400000 Attendees Bring in Significant Amount of Medical Calls Ejections Arrests,6/19/2017 10:30:17 PM
348404,Zedd Announces North American “Echo Tour” For This Fall,6/19/2017 10:32:43 PM
348403,Dylan Brings (Some Of) The Hits To Firefly,6/18/2017 10:57:36 PM
348402,Migos Say Culture 2 Is “Dropping Soon”,6/18/2017 11:24:05 PM
348401,Hudson Mohawke – “Passports” (Feat. Remy Banks),6/19/2017 1:40:26 AM
348400,LCD Soundsystem Announce Comeback Album American Dream World Tour,6/19/2017 11:19:51 AM
348399,Mutual Benefit – “Diamond Day” (Vashti Bunyan Cover),6/19/2017 1:17:44 PM
348398,Hanson Compare Justin Bieber To Venereal Disease,6/19/2017 1:18:29 PM
348397,Watch Chance The Rapper & David Crosby’s New Twitter Commercial,6/19/2017 1:35:42 PM
348396,Watch Lorde Perform “Green Light” & “Perfect Places” At MMVAs,6/19/2017 1:57:00 PM
348395,New Yorker Profile Details Father John Misty’s Amusing Interactions With Dave Grohl Art Garfunkel,6/19/2017 2:04:17 PM
348394,Watch Paramore Cover Drake’s “Passionfruit”,6/19/2017 2:26:53 PM
348393,Mark Kozelek & Sean Yeaton – “The Reasons I Love You”,6/19/2017 3:03:01 PM
348392,Dead Cross – “Seizure And Desist” Video,6/19/2017 3:43:05 PM
348391,Offa Rex – “The Old Churchyard”,6/19/2017 3:46:58 PM
348390,Third Man Announces Deluxe Reissue Of White Stripes’ Icky Thump Which Came Out 10 Years Ago Today,6/19/2017 4:03:23 PM
348389,JAY-Z Has A Hyphen Again,6/19/2017 4:08:21 PM
348388,Hear Lorde Break Down Every Track On Melodrama,6/19/2017 4:13:42 PM
348387,Billboard Changes Rule To Prevent Various Artist Playlists From Dominating Album Chart,6/19/2017 5:22:32 PM
348386,Super Furry Animals – “The Boy With The Thorn In His Side” (The Smiths Cover),6/19/2017 5:59:38 PM
348385,Fischerspooner – “Have Fun Tonight” (Co-Written By Michael Stipe & Boots),6/19/2017 7:13:35 PM
348384,1 Dead 1000 Seek Medical Treatment At Las Vegas’ Electric Daisy Carnival,6/19/2017 8:30:24 PM
348383,Nickelback Are Beefing With Slipknot,6/19/2017 9:20:54 PM
348382,Brace Yourself For Third Eye Blind’s Version Of Atlanta Trap Music,6/19/2017 9:30:15 PM
348381,DJ Khaled Claims Sabotage After Getting Booed Offstage At EDC,6/19/2017 11:29:34 PM
348380,Four 1970s Brian Eno albums to be reissued on vinyl,6/15/2017 11:04:00 AM
348379,Red Bull Music Academy goes to Berlin for 2018,6/15/2017 1:00:00 PM
348378,DJ Sotofett LNS feature on new Wania 10-inch,6/15/2017 3:08:00 PM
348377,Dean Blunt & Inga Copeland re-release rare 33-track outtakes compilation The Attitude Era,6/15/2017 7:04:00 PM
348376,808 State Dub Phizix Zed Bias appear on Manchester With Love compilation,6/16/2017 11:47:00 AM
348375,RIP: Sonny Knight soul and R&B singer,6/18/2017 5:40:50 AM
348374,Music Review: Dustin Wong & Takako Minekawa - Are Euphoria,6/19/2017 4:27:46 AM
348373,Jay Z announces new album 4:44 catches Magikarp at Barclays Center,6/19/2017 4:50:44 AM
348372,VIOLENCE announces new album Human Dust to Fertilize the Impotent Garden on PTP apologizes in advance for putting a damper on your backyard barbecue,6/19/2017 2:01:00 PM
348371,Dizzee Rascal returns to re-affirm his place in the expanding grime universe with new album Raskit,6/19/2017 5:19:42 PM
348370,Bicep take their club love affair to the next level announce self-titled debut album on Ninja Tune,6/19/2017 8:20:44 PM
348369,10 Years Without the White Stripes,6/15/2017 4:00:34 AM
348368,Miley Cyrus performs new singles “Malibu” and “Inspired” on Fallon — watch,6/15/2017 2:05:41 PM
348367,Steve Earle says Noel Gallagher “is the most overrated songwriter in the whole history of pop music”,6/15/2017 2:24:39 PM
348366,Queens of the Stone Age unleash new single “The Way You Used to Do” — listen,6/15/2017 3:33:43 PM
348365,Queens of the Stone Age announce 2017 North American tour with Royal Blood in support,6/15/2017 3:52:53 PM
348364,TOKiMONSTA teams with Malaysia’s Yuna for “Don’t Call Me” — listen,6/15/2017 5:29:17 PM
348363,Danny Elfman to replace Junkie XL as Justice League composer,6/15/2017 5:45:08 PM
348362,The indie artwork for Queens of the Stone Age’s Villains is even more bad ass,6/15/2017 7:29:25 PM
348361,Alain Johannes covers Chris Cornell’s “Disappearing One” on acoustic box guitar — watch,6/15/2017 9:52:07 PM
348360,Coldplay share new song “All I Can Think About Is You” — listen,6/16/2017 2:20:29 AM
348359,Ride release new album Weather Diaries: Stream/download,6/16/2017 3:05:12 AM
348358,Arcade Fire share rousing new single “Creature Comfort” — listen,6/16/2017 3:05:46 AM
348357,Lorde releases new album Melodrama: Stream/download,6/16/2017 3:17:15 AM
348356,Calvin Harris enlists Katy Perry Pharrell and Big Sean for new song “Feels” — listen,6/16/2017 3:25:37 AM
348355,Big Boi drops new solo album Boomiverse: Stream/download,6/16/2017 3:35:06 AM
348354,Dan Auerbach releases new song “Run that Race” — listen,6/16/2017 3:45:26 AM
348353,Royal Blood release new album How Did We Get So Dark?: Stream/download,6/16/2017 3:50:40 AM
348352,Ranking: Every Radiohead Album From Worst to Best,6/16/2017 4:00:31 AM
348351,Arcade Fire share strobe-filled video for “Creature Comfort” — watch,6/16/2017 2:01:32 PM
348350,Lorde performs “Perfect Places” admits to Onion Ring-gate on Fallon — watch,6/16/2017 2:35:35 PM
348349,Lorde announces 2018 North American tour in support of Melodrama,6/16/2017 2:50:16 PM
348348,Unreleased Prince track “Father’s Song” is perfect for rainy weather — listen,6/16/2017 3:05:00 PM
348347,Stars return with two new tracks “Privilege” and “We Called It Love” — listen,6/16/2017 3:31:17 PM
348346,together PANGEA announce new album Bulls and Roosters share video for single “Better Find Out” — watch,6/16/2017 3:57:23 PM
348345,Rihanna and Bryson Tiller have “Wild Thoughts” in new DJ Khaled video — watch,6/16/2017 4:40:11 PM
348344,Icona Pop rally their “GIRLS GIRLS” on new single — listen,6/16/2017 5:08:46 PM
348343,Bruce Springsteen set for eight-week Broadway residency,6/16/2017 5:39:04 PM
348342,Live Review: Phoenix at the Hollywood Bowl (06/15),6/16/2017 6:20:19 PM
348341,Here’s what we learned from Radiohead’s oral history of OK Computer,6/16/2017 6:30:05 PM
348340,David Bowie Minor Threat Radiohead fidget spinners are being sold,6/16/2017 9:37:10 PM
348339,Judge declares mistrial in Bill Cosby sexual assault case,6/17/2017 2:45:49 PM
348338,Foo Fighters debut three new songs at Secret Solstice Festival: Video + Setlist,6/17/2017 4:10:07 PM
348337,Jack White covers old-timey blues song “Matrimonial Intentions”” — watch,6/17/2017 6:05:41 PM
348336,Weezer cover OutKast’s “Hey Ya” at Firefly Music Festival — watch,6/17/2017 8:30:10 PM
348335,Dave Grohl’s eight-year-old daughter Harper got to drum for Foo Fighters — watch,6/17/2017 10:00:26 PM
348334,Beyoncé has given birth to twins: Report,6/18/2017 4:59:46 AM
348333,How Janis Joplin and Otis Redding Conquered Monterey Pop Festival,6/18/2017 4:30:58 PM
348332,Kendrick Lamar Justin Vernon Damon Albarn and more will appear on Vince Staples’ Big Fish Theory,6/18/2017 6:55:51 PM
348331,Die Antwoord’s Ninja recounts hilarious basketball game with Kanye West and Drake,6/18/2017 8:45:11 PM
348330,Jay Z’s new song “Adnis” soundtracks 4:44 trailer — watch,6/19/2017 2:35:31 AM
348329,Justin Vernon and Aaron Dessner debut new Big Red Machine music at Eaux Claires — watch,6/19/2017 3:10:06 AM
348328,The 10 Greatest Sophomore Albums of All Time,6/19/2017 4:00:01 AM
348327,Eaux Claires 2017 Festival Review: Top 10 Sets,6/19/2017 2:22:24 PM
348326,Washed Out announces 2017 US tour dates,6/19/2017 3:10:54 PM
348325,Roger Waters’ new album blocked from release in Italy over alleged copyright infringement,6/19/2017 3:25:22 PM
348324,Chance the Rapper gets trolled by David Crosby in weird new Twitter ad — watch,6/19/2017 3:57:35 PM
348323,10th anniversary vinyl reissue of The White Stripes’ Icky Thump promises unreleased music rarities,6/19/2017 4:05:13 PM
348322,Paramore cover Fleetwood Mac’s “Everywhere” and Drake’s “Passionfruit” — watch,6/19/2017 5:00:59 PM
348321,Top 10 Films of 2017 (So Far),6/19/2017 5:15:32 PM
348320,Mark Kozelek and Parquet Courts’ Sean Yeaton share new collaborative song “The Reasons I Love You” — listen,6/19/2017 5:30:13 PM
348319,Offa Rex (The Decemberists and Olivia Chaney) cover spiritual folk standard “The Old Churchyard” — watch,6/19/2017 5:55:02 PM
348318,Win tickets to Summer Set Music Festival 2017,6/19/2017 8:50:19 PM
348317,One dead 1000 given medical treatment at Electric Daisy Carnival Las Vegas,6/19/2017 9:33:39 PM
348316,Murlo: Club Coil EP,6/12/2017 5:00:00 AM
348315,Lindsey Buckingham / Christine McVie: Lindsey Buckingham / Christine McVie,6/12/2017 5:00:00 AM
348314,Norska: Too Many Winters,6/12/2017 5:00:00 AM
348313,Pixx: The Age of Anxiety,6/12/2017 5:00:00 AM
348312,AMPALLANG INFECTION live at Saint Vitus Bar Jun. 15th 2017,6/18/2017 4:04:48 PM
348311,NECROPTIC ENGORGEMENT live at Saint Vitus Bar Jun. 15th 2017,6/18/2017 4:05:38 PM
348310,Phil Anelmo's SCOUR Cover BATHORY's Massacre live at Saint Vitus Bar Jun. 15th 2017,6/18/2017 4:09:30 PM
348309,Phil Anselmo's SCOUR Cover PANTERA's Strength Beyond Strength live at Saint Vitus Bar Jun. 15th 2017,6/18/2017 4:10:03 PM
348308,REMAIN live at Saint Vitus Bar Jun. 15th 2017,6/18/2017 6:22:33 PM
348307,WREATH OF TONGUES live at Saint Vitus Bar Jun. 15th 2017,6/18/2017 6:24:55 PM
348306,TEN TON HAMMER live at Saint Vitus Bar Jun. 15th 2017,6/18/2017 6:25:19 PM
348305,GROUND live at Saint Vitus Bar Jun. 15th 2017,6/18/2017 6:25:43 PM
348304,A PERFECT CIRCLE Announce Fall 2017 Tour Dates,6/19/2017 3:03:48 PM
348303,DEAD CROSS Unveil Chaotic Seizure & Desist Music Video,6/19/2017 5:46:04 PM
348302,EP Review: OBSTINATE Infraction,6/19/2017 8:22:08 PM
348301,Watch Paramore Cover Drake’s “Passionfruit”,6/19/2017 2:46:52 PM
348300,Third Man Records Announces Deluxe Reissue Box Set of The White Stripes’ Icky Thump,6/19/2017 4:36:24 PM
348299,1 Dead 1000 Seek Medical Treatment at Las Vegas’ Electric Daisy Carnival,6/19/2017 8:28:21 PM
348298,Billboard Changes Rule To Prevent Various Artist Playlists From Dominating Album Chart,6/19/2017 8:30:40 PM
348297,Lorde Says Max Martin’s “Incorrect Songwriting” Comment Was About “Royals” and Not “Green Light”,6/19/2017 9:00:11 PM
348296,Review: Lorde Is a Visionary in the Dark on Melodrama,6/16/2017 5:24:59 PM
348295,Review: 2 Chainz’s Pretty Girls Like Trap Music Could Only Have Been Made By Him,6/19/2017 8:08:00 PM
348294,Flashback: Watch Linda Ronstadt Croon 'Blue Bayou' With the Muppets,6/13/2017 10:45:23 PM
348293,Review: Jason Isbell and the 400 Unit Look Outward on 'The Nashville Sound',6/15/2017 2:56:00 PM
348292,Review: Lorde's 'Melodrama' Is Fantastically Intimate a Production Tour De Force,6/16/2017 1:43:00 PM
348291,Paul McCartney Knighthood Elevated With Companion of Honour Award,6/17/2017 6:45:54 PM
348290,On the Charts: Katy Perry's 'Witness' Debuts at Number One,6/18/2017 9:33:28 PM
348289,Jay Z Details New Album '4:44',6/19/2017 12:45:00 PM
348288,LCD Soundsystem Announce New LP 'American Dream' U.S. Tour,6/19/2017 1:16:36 PM
348287,Jimi Hendrix Park Opens to Public in Seattle After Years of Delays,6/19/2017 2:42:09 PM
348286,A Perfect Circle Plot Fall North American Tour ,6/19/2017 3:01:00 PM
348285,Monterey Pop Celebrates 50th Anniversary With Classic Covers Mellow Vibes,6/19/2017 3:10:00 PM
348284,Inside Metallica's Mammoth WorldWired Tour Their Biggest Trek Ever,6/19/2017 3:22:00 PM
348283,Ed Sheeran Weighs In on Taylor Swift Katy Perry Feud,6/19/2017 3:34:00 PM
348282,White Stripes Demos Set for 'Icky Thump' 10th Anniversary Reissue,6/19/2017 5:25:32 PM
348281,How Pop-Punk Survivors All Time Low Finally Grew Up,6/19/2017 5:55:00 PM
348280,Radiohead Stage Collapse: Mistrial Declared New Trial Ordered ,6/19/2017 6:36:16 PM
348279,DJ Khaled Claims He Was 'Sabotaged' After Disastrous EDC Set ,6/19/2017 9:21:00 PM
348278,Electric Daisy Carnival: One Dead Over 1000 Seek Medical Attention,6/20/2017 12:16:23 AM
348277,Beyoncé a leggazdagabb női előadó,6/14/2017 9:23:29 AM
348276,Katy Perry Taylor Swiftnek: Isten áldjon utadon kicsi lány,6/14/2017 1:10:45 PM
348275,Új lemezzel ünnepli ikreinek születését Jay-Z,6/19/2017 2:28:53 PM
348274,Popzene nem hülyéknek - Új Köpönyegforgatók-klip,6/14/2017 12:00:00 PM
348273,Adele producerével vette fel új lemezét a Queens Of The Stone Age,6/14/2017 4:37:30 PM
348272,Ilyen volt a Simple Plan a Budapest Parkban,6/15/2017 9:59:00 AM
348271,Yoko Ono negyvenöt év után lett az Imagine társszerzője,6/15/2017 11:04:48 AM
348270,A Mastodon felnőtt önmagához - koncertkritika,6/15/2017 11:49:58 AM
348269,Sum 41 a Budapest Parkban,6/16/2017 6:39:50 AM
348268,Meg is jött az új Queens Of The Stone Age-dal,6/16/2017 8:11:52 AM
348267,Epilepsziásoknak nem biztos hogy jó lesz az Arcade Fire új klipje,6/16/2017 1:40:21 PM
348266,Sosem volt még ilyen sokszínű a Gorillaz,6/17/2017 12:50:16 PM
348265,Zene nélkül biztos hogy idegroncs lennék - Mastodon-interjú Brann Dailor dobossal,6/18/2017 9:03:07 AM
348264,Csűrdöngölős örmény metál az esőben - Néhány bekezdés az idei Nova Rockról,6/18/2017 3:02:55 PM
348263,Már a Rancid miatt megérte elmenni Green Dayre,6/19/2017 11:13:00 AM
348262,Matekmetál és Száncsán Barbi - Timur Lenk a pilisszentiváni Rock a Villa Körül Fesztiválon,6/19/2017 12:29:26 PM
348261,The Stone Roses at Wembley Stadium in London,6/18/2017 7:15:00 AM
348260,Stoned Love: The Stone Roses live in London,6/18/2017 9:20:00 AM
348259,Paramore at the Royal Albert Hall in London,6/19/2017 9:00:00 PM
348258,Lady Starlight - Untitled,6/15/2017 4:00:00 AM
348257,Gottwood Festival 2017: Five key performances,6/15/2017 12:45:00 PM
348256,Southport Weekender Festival 2017,6/16/2017 8:00:00 AM
348255,Grand Mal x - KESS05,6/16/2017 4:00:00 PM
348254,Bruno Pronsato - US Drag,6/17/2017 4:00:00 AM
348253,Clive Henry East End Dubs play Studio 338 fundraiser for Grenfell Tower fire,6/16/2017 12:13:00 PM
348252,SØS Gunver Ryberg Luke Vibert play Krake Festival 2017,6/16/2017 12:36:00 PM
348251,Ghostly hosts Geotic (Baths) and Jacques Greene in Detroit,6/16/2017 5:03:00 PM
348250,Jamie xx-scored ballet Tree Of Codes to feature at Melbourne Festival 2017,6/19/2017 4:30:00 AM
348249,Mister Saturday Night take over RA Instagram ahead of 250th party,6/19/2017 1:21:00 PM
348248,Sven Väth Jackmaster play Uno Village in Malta,6/19/2017 3:25:00 PM
348247,Fourth World in the 21st century,6/12/2017 9:00:00 AM
348246,Breaking Through: Lanark Artefax,6/19/2017 11:00:00 AM
348245,Táncos a sötétben - Itt az Angertea új klipje,6/11/2017 12:00:00 PM
348244,Fekete aszteroida becsapódására figyelmeztet Zola Jesus,6/11/2017 12:38:04 PM
348243,Niagara - Comboios,6/11/2017 10:00:00 AM
348242,Video: Pharrell – “Yellow Light”,6/9/2017 6:39:07 PM
348241,HETI BONTÁS / MÁJ 22 – 28,5/22/2017 11:08:09 AM
348240,Ilyen együtt táncolni a Csaknekedkislánnyal,5/12/2017 9:30:06 AM
348239,Végre van antiszexista női rap is az országban,5/22/2017 12:04:06 PM
348238,“Ez a tuc-tuc zene nem az igazi de hozzá lehet szokni”,5/24/2017 1:49:12 PM
348237,Légyszi X-Faktor ne baszogass minket nem akarunk híresek lenni!,5/24/2017 6:03:26 PM
348236,Kontinenseket rengető fuzz a Fubarite új kislemezén,5/25/2017 12:39:39 PM
348235,Emberek városba városból a Parkba,5/26/2017 5:17:14 PM
348234,Egymás felé nyíló ízlésközösségek,5/23/2017 2:00:56 PM
348233,Borzasztó nyaralásból született az év nyári slágere,5/29/2017 4:47:47 PM
348232,Zengő magyar riffek a Kobuci színpadán,6/4/2017 4:37:12 PM
348231,Progresszivitás nyitott elmék számára,6/6/2017 2:33:43 PM
348230,Szakítás utáni nyáresti ballada,6/6/2017 7:18:03 PM
348229,Vadonatúj számokkal készül a Zagar a Kolorádóra,6/7/2017 3:48:32 PM
348228,Twistet járni a legzöldebb fesztiválon,6/8/2017 11:21:22 AM
348227,Minden a maga tökéletlenségével együtt,6/9/2017 11:42:15 AM
348226,Van Budapesten egy nagymama aki a legdurvább punk koncerteken fotóz az első sorból,5/28/2017 8:41:23 AM
348225,Heti Bontás / MÁJ 29 – JÚN 4,5/30/2017 2:49:46 PM
348224,HETI BONTÁS / JÚN 5 – JÚN 11,6/5/2017 11:56:48 AM
348223,Új dalok a Twin Peaks univerzumból – Chrysta Bell Au Revoir Simone Trouble The Cactus Blossoms,6/6/2017 6:34:47 AM
348222,M.I.A.: Goals – új dal a Buraka Som Sistema-tag Branko közreműködésével,6/7/2017 12:41:05 PM
348221,BIGBANG's T.O.P Hospitalized Amid Legal Trouble,6/9/2017 10:03:05 PM
348220,Luis Fonsi Joins The Italians for New 'Despacito' Spoof: Watch,6/9/2017 10:08:05 PM
348219,Future Receives Global Plaque from Epic Records for 'Mask Off',6/9/2017 10:27:00 PM
348218,Prince Paisley Park Alumni Launch Charitable Foundation in His Honor,6/9/2017 10:33:06 PM
348217,Watch Suge Knight Try to Sign Tupac to Death Row in 'All Eyez on Me' Clip: Exclusive,6/10/2017 12:58:05 AM
348216,Watch Jordin Sparks Nail Her National Anthem Performance at NBA Finals Game 4,6/10/2017 1:25:11 AM
348215,How We Wrote It: Benj Pasek and Justin Paul on Imagining a 'Dear Evan Hansen' Anthem,6/10/2017 4:30:00 PM
348214,Ice Cube Confronts Bill Maher Over Use of Racial Slur on 'Real Time': Watch,6/10/2017 11:16:26 PM
348213,Ma este Operators a Dürer Kertben!,6/7/2017 7:08:00 AM
348212,Klippremier! Lucrecia Protellor: Profile Picture,6/7/2017 9:30:18 AM
348211,Zola Jesus kihantolja magát,6/7/2017 12:07:12 PM
348210,Egyiptomi zenésszel közösen írt dalt a szíriai menekült gyerekekről PJ Harvey,6/8/2017 11:39:13 AM
348209,Sziget-színes: jön a Glass Animals majdnem teljes a programtábla holland Sziget-újság,6/8/2017 1:09:00 PM
348208,Itt a Cseh Tamás Program – Induló előadók: Koalabell Hangácsi Márton yesyes ÍV Flatband,6/9/2017 6:30:00 AM
348207,Klippremier! Pátkai Rozina: Vie diluvienne,6/9/2017 7:30:00 AM
348206,Idén októberben is összművészeti kavalkáddá alakul Budapest,6/9/2017 9:07:00 AM
348205,Ma kezdődik a 3. Budapest A Cappella Fesztivál,6/10/2017 8:29:00 AM
348204,Lányok hadd legyek a bubu macitok!,6/10/2017 11:45:48 AM
348203,Overcoats,6/6/2017 3:11:38 PM
348202,Big Thief Bring Another Beauty With New Track ‘Mary’ [Stream],6/6/2017 10:03:15 PM
348201,Pearla Delivers Something Beautiful with ‘Further To Go’ [Stream],6/9/2017 1:47:16 PM
348200,EMA Highlights the Danger of Youth on ‘Breathalyzer’ [Stream],6/9/2017 1:49:08 PM
348199,Beach Fossils Bring Summer with ‘Tangerine’ [Stream],6/9/2017 2:00:51 PM
348198,Listen to SZA’s debut album Ctrl,6/9/2017 12:11:51 PM
348197,Massappeals Kamakaze and Sticky Blood go for VHS vibes in their moody ‘Not A Good Look’ video,6/9/2017 2:15:17 PM
348196,Help Fabric name their new office cat and get free entry for life,6/9/2017 3:31:41 PM
348195,Palmbomen II releases Memories Of Cindy Pt. 2 from four-part series,6/9/2017 8:00:47 PM
348194,Vice Souletric – “Cleveland Anthem (O-H Uh-Oh)” (Video),6/10/2017 6:44:44 PM
348193,G4SHi – “Turn Me Down” (Video),6/10/2017 7:17:10 PM
348192,Koins – “Tranquil” f. Big Mox,6/10/2017 8:08:33 PM
348191,Snowgoons – “My Advice” f. Pumpkinhead,6/10/2017 8:12:26 PM
348190,Page Kennedy & His Son Young Timmy K Connect on “Google That”,6/10/2017 9:37:25 PM
348189,Ice Cube Joins ‘Real Time with Bill Maher’ Panel; Talks White Privilege & the Use of the “N’ Word,6/10/2017 11:00:42 PM
348188,Saturday Night Sexy – Raqual Rose,6/10/2017 11:01:56 PM
348187,Blacastan & Stu Bangas – “Delete” f. Ill Bill & DJ 7L,6/11/2017 1:06:53 AM
348186,DJ Manipulator & Louie Gonz – The Loops (Album),6/11/2017 1:45:35 AM
348185,New Music: Big Boi Ft. Gucci Mane & Pimp C “In The South”,6/9/2017 12:58:25 PM
348184,New Music: Lecrae Ft. Tory Kelly “I’ll Find You”,6/9/2017 1:39:32 PM
348183,Conway & Benny “Funkmaster Flex” Freestyle,6/9/2017 2:52:29 PM
348182,New Album: Gunplay ‘The Plug’,6/9/2017 2:57:50 PM
348181,New Album: Ice Cube ‘Death Certificate (25th Anniversary Edition)’,6/9/2017 3:12:12 PM
348180,New Album: SZA ‘Ctrl’,6/9/2017 3:30:11 PM
348179,New Video: Amir Obe “Wish You Well”,6/9/2017 5:55:00 PM
348178,New Music: SahBabii Ft. Young Thug “Pull Up Wit Ah Stick (Remix)”,6/9/2017 6:19:02 PM
348177,New Video: Zoey Dollaz Ft. Ca$ino & McKinley Ave “Drugs”,6/9/2017 7:16:51 PM
348176,New Video: Ice Cube “Good Cop Bad Cop”,6/9/2017 7:38:25 PM
348175,New Video: Krayzie Bone & Young Noble “Nothing Matters”,6/9/2017 9:05:38 PM
348174,New LP: Curren$y “Pilot Talk Trilogy”,6/9/2017 10:19:41 PM
348173,2 Chainz LeBron James & Draymond Green “The Shop”,6/9/2017 10:37:58 PM
348172,New Mixtape: Blac Youngsta ‘I’m Innocent’,6/10/2017 1:14:25 AM
348171,New Music: Shawn Smith “Heaven”,6/10/2017 7:12:33 PM
348170,New Video: Damian “Jr. Gong” Marley Ft. Stephen Marley “Medication”,6/10/2017 7:34:44 PM
348169,TOBYNOH Releases Vocal Original With Ovcoco Steel [Free Download],6/10/2017 5:09:22 AM
348168,Electric Forest Rewards Fans For Cleaning With Brilliant Electricology Eco Initiative,6/10/2017 5:00:49 PM
348167,Axwell /\ Ingrosso Forced To Cancel Festival Performance After Car Break In and Theft,6/10/2017 7:26:45 PM
348166,Afrojack Teases New Music Over Instagram Listen Here,6/11/2017 6:55:54 AM
348165,Actress Amanda Bynes Still Wants Drake To Hit It,6/10/2017 1:05:39 PM
348164,Kid Vi$a – Keep my name out your mouth,6/10/2017 1:29:49 PM
348163,Ice Cube Rips Bill Maher and “Takes” The N-Word Back From Racists Everywhere,6/10/2017 2:05:40 PM
348162,Cee Lo Green Launches New Career As A Music Publisher With Big Backing,6/10/2017 8:05:38 PM
348161,Watch Chance The Rapper & Nick Cannon go toe-to-toe in new Wild’n Out freestyle,6/8/2017 6:15:39 PM
348160,Drayco McCoy drops off “ROKK THE BOAT”,6/9/2017 12:44:13 AM
348159,Stream Young Chop’s new album ‘8417’,6/9/2017 1:47:01 PM
348158,Listen to Paper Paulk’s new joint “Play On”,6/9/2017 3:13:41 PM
348157,Listen to Maajei Vu’s new EP ‘Shelia’s Boy’,6/9/2017 4:03:23 PM
348156,Stream Ashlee Bankz’ new EP ‘Leave A Message’,6/9/2017 5:42:43 PM
348155,Check out Leek Hustle and Tee Grizzley’s “Really Want It” video,6/9/2017 7:50:39 PM
348154,FSD Songs of the Week 6/9/17,6/9/2017 9:30:23 PM
348153,Dusky Grey say they’ll “take any fans that we can get” which will probably be quite a few to be honest,4/28/2017 2:21:26 PM
348152,The Vamps aren’t going down without a fight,5/5/2017 1:53:33 PM
348151,New Music Friday: Felix Jaehn at the top Harry at the bottom various songs in between,5/12/2017 8:56:20 AM
348150,Alright the Harry Styles album makes a lot more sense when you see it in a Very Authentic Location,5/14/2017 11:37:24 AM
348149,Niall Horan isn’t going to sit on your fucking chair,5/25/2017 3:57:58 PM
348148,New Music Friday: Carly Rae Jepsen at the top no total disasters at the bottom various collaborations in between,5/26/2017 9:03:40 AM
348147,New Music Friday: Rae Morris at the top Fifth Harmony at the bottom various songs in between,6/2/2017 6:58:11 AM
348146,Your EDM Premiere: Tungevaag & Raaban – Cold Blood ft. Jeffrey James,6/9/2017 11:06:48 PM
348145,Party Favor & NJOMZA – Caskets (feat. FKi 1st),6/10/2017 2:21:47 AM
348144,Dead Critic Drops “Laser Tag”,6/10/2017 7:53:39 PM
348143,Lost Kings – “Look At Us Now” ft. Ally Brooke A$AP Ferg is the Guilty Pleasure of the Summer [LYRIC VIDEO],6/10/2017 11:16:41 PM
348142,Bro Safari Drops New EP With Dillon Francis Collaboration,6/11/2017 12:31:48 AM
348141,Hotel Garuda Releases New Single “Till It Burns Out” With Violet Skies,6/11/2017 2:42:14 AM
348140,Cornelius – “Sometime / Someplace” Video,6/9/2017 2:02:30 PM
348139,Dirty Projectors Play New Album In Full At First Show In Four Years,6/9/2017 2:05:39 PM
348138,The War On Drugs Debut A Deeper Understanding Songs At Intimate NYC Show,6/9/2017 2:18:02 PM
348137,Stream Bonnie “Prince” Billy & Nathan Salsburg’s New EP,6/9/2017 2:25:49 PM
348136,Toro Y Moi – “Girl Like You” Video,6/9/2017 2:26:53 PM
348135,Premature Evaluation: Fleet Foxes Crack-Up,6/9/2017 2:27:38 PM
348134,Watch Lindsey Buckingham And Christine McVie Bring “In My World” To Fallon,6/9/2017 2:28:21 PM
348133,Spoon – “Can I Sit Next To You (Tyler Pope Remix)”,6/9/2017 2:42:13 PM
348132,Denmark’s NorthSide Festival Is Tonight And Frank Ocean Hasn’t Cancelled Yet,6/9/2017 3:44:42 PM
348131,D.R.A.M. – “The Uber Song” & “Group Thang (Demo)”,6/9/2017 4:08:02 PM
348130,MNDR x Scissor Sisters – “SWERLK”,6/9/2017 4:18:36 PM
348129,Emily Haines & The Soft Skeleton – “Fatal Gift” Video,6/9/2017 4:47:38 PM
348128,Diet Cig – “Together We Can Conquer Whatever”,6/9/2017 4:58:44 PM
348127,Man Arrested For Selling Fake Drugs At Bonnaroo Says He Was Doing God’s Work,6/9/2017 5:08:05 PM
348126,The 5 Best Videos Of The Week,6/9/2017 5:40:38 PM
348125,Pharrell – “Yellow Light” Video,6/9/2017 7:26:06 PM
348124,Shut Up Dude: This Week’s Best And Worst Comments,6/9/2017 8:51:03 PM
348123,Watch Ice Cube Address Bill Maher’s Use Of The N-Word On Real Time,6/10/2017 3:15:10 PM
348122,Frightened Rabbit – “Fields Of Wheat”,6/10/2017 8:05:28 PM
348121,DJ Tennis tapped for two-disc DJ-Kicks mix,6/7/2017 2:00:00 PM
348120,Titonton Duvante launches Residual Classic,6/7/2017 8:02:00 PM
348119,Mint Condition to reissue two Blake Baxter EPs,6/8/2017 4:32:00 AM
348118,Nina Kraviz to release new EP Pochuvstvui on Trip,6/8/2017 8:58:00 AM
348117,De School brings back last-minute lineups for summer,6/8/2017 9:24:00 AM
348116,Auxiliary announces new ASC album and Neel EP,6/8/2017 9:40:00 AM
348115,Power Vacuum reveals new album from Duran Duran Duran,6/8/2017 11:59:00 AM
348114,Lil Louis is releasing six new albums,6/8/2017 1:02:00 PM
348113,RA's Real Scenes: London film to premiere on June 13th,6/8/2017 2:07:00 PM
348112,Oneohtrix Point Never's soundtrack for Good Time film coming out on Warp,6/8/2017 2:15:00 PM
348111,Powell releases vinyl-only mini-album New Beta Vol. 1,6/8/2017 6:36:00 PM
348110,Omar-S's FXHE unearths rare 1978 disco album from AJL Band,6/9/2017 5:29:00 AM
348109,German pressing plant R.A.N.D. Muzik announces new label and compilation,6/9/2017 9:05:00 AM
348108,Elrow Friends & Family festival cancelled over dispute between local councils,6/9/2017 1:05:00 PM
348107,Venetian Snares releases Joanne Pollock's debut album Stranger,6/9/2017 4:25:00 PM
348106,The Brooklyn Mirage to reopen July 1st with Cityfox events,6/9/2017 6:57:00 PM
348105,♫ Listen: Bridget Feral - “O Human Child”,6/8/2017 7:05:44 PM
348104,♫ Listen: Aghnie - “Narcc”,6/9/2017 12:49:30 PM
348103,Watch: Cornelius - “Sometime / Someplace”,6/9/2017 1:01:51 PM
348102,♫ Listen: Mobilegirl - “Vivibass”,6/9/2017 3:47:49 PM
348101,♫ Listen: Matthew + Bod - Matthew + Bod: An Unfettered Habit,6/9/2017 6:40:44 PM
348100,Young Thug Quavo Duke & Rich the Kid join up for “WTF U Doin” — listen,6/6/2017 7:00:29 PM
348099,Sheer Mag share new single “Need to Feel Your Love” — listen,6/6/2017 7:20:56 PM
348098,Death From Above mark new era with name change premiere “Freeze Me” single,6/6/2017 7:55:18 PM
348097,A dozen more incredible actors have signed on for Steven Spielberg’s film about the Pentagon Papers,6/6/2017 9:15:38 PM
348096,Album Review: Halsey – Hopeless Fountain Kingdom,6/7/2017 4:00:05 AM
348095,Feist joined by Stephen Colbert to perform “Century” on The Late Show — watch,6/7/2017 2:00:00 PM
348094,M.I.A. shares new song “GOALS” and GIF-filled video — watch,6/7/2017 2:22:40 PM
348093,Around the World with Olivier St. Louis,6/7/2017 2:30:06 PM
348092,Kurt Vile and Courtney Barnett announce collaborative album and tour,6/7/2017 2:41:39 PM
348091,PJ Harvey addresses harrowing refugee crisis with new song “The Camp” and video — watch,6/7/2017 3:05:54 PM
348090,Yippee Ki Yay Mr. Falcon: Sony to release “clean versions” of its movies,6/7/2017 3:25:24 PM
348089,Oh Sees (fka Thee Oh Sees) announce new album Orc share “The Static God” — listen,6/7/2017 3:59:31 PM
348088,Donald Glover confirms the end of Childish Gambino says it’s not “punk” enough,6/7/2017 4:15:31 PM
348087,Film Review: The Mummy,6/7/2017 4:53:47 PM
348086,New Order’s Bernard Sumner comments on Manchester bombing recording Technique at keynote discussion in Ibiza — watch,6/7/2017 5:02:11 PM
348085,Fleet Foxes share new song “If You Need To Keep Time on Me” — listen,6/7/2017 5:40:54 PM
348084,Death From Above side project American Lips premiere new song “Definition” — listen,6/7/2017 7:21:17 PM
348083,Brazilian psych rockers Boogarins share surprise new album Lá Vem a Morte: Stream,6/7/2017 7:27:59 PM
348082,Chance the Rapper to join Bonnaroo SuperJam with Preservation Hall Jazz Band Jon Batiste more,6/7/2017 8:17:06 PM
348081,Film Review: Beatriz at Dinner,6/8/2017 4:00:46 AM
348080,Ryan Coogler and Michael B. Jordan to reunite for upcoming film Wrong Answer,6/8/2017 4:40:27 AM
348079,Fleet Foxes return with first album in six years Crack-Up: Stream,6/8/2017 12:40:44 PM
348078,When Two Worlds Collide: A Conversation with Leyya’s Sophie Lindinger,6/8/2017 1:00:59 PM
348077,Experience Vinyl Takes the Desert Island Records Question to Another Level,6/8/2017 2:00:02 PM
348076,Phil Collins postpones comeback tour after injuring himself in a fall,6/8/2017 2:04:36 PM
348075,Tricky bares it all on new single “The Only Way” — listen,6/8/2017 2:25:43 PM
348074,Oneohtrix Point Never teams with Iggy Pop for new single “The Pure and the Damned” — listen,6/8/2017 3:22:31 PM
348073,Iron & Wine announces new album Beast Epic shares music video for “Call It Dreaming” — watch,6/8/2017 3:40:06 PM
348072,Yonder Mountain String Band cover King Harvest’s “Dancing in the Moonlight” — listen,6/8/2017 5:37:48 PM
348071,Vic Mensa shares The Manuscript EP featuring Pusha T Pharrell: Stream,6/8/2017 6:00:40 PM
348070,Chance the Rapper rap battles Nick Cannon on MTV’s Wild ‘n Out — watch,6/8/2017 6:54:55 PM
348069,Modern Baseball’s Jake Ewald announces new Slaughter Beach Dog EP shares “Building the Ark” — listen,6/8/2017 7:57:01 PM
348068,Ride share new song “Lannoy Point” — listen,6/8/2017 8:31:52 PM
348067,Kweku Collins and Allan Kingdom almost catch fire in new “Aya” video — watch,6/8/2017 9:10:54 PM
348066,Eagles of Death Metal is scoring the new Super Troopers movie,6/9/2017 12:20:27 AM
348065,Social media data reveals the preferred drug at each of America’s major music festivals,6/9/2017 2:00:15 AM
348064,The Mummy Universal and the Risk of Cinematic Universes,6/9/2017 2:36:36 AM
348063,Sufjan Stevens The National’s Bryce Dessner and Nico Muhly release collaborative album Planetarium: Stream/download,6/9/2017 3:20:00 AM
348062,Album Review: Sufjan Stevens Nico Muhly Bryce Dessner and James McAlister – Planetarium,6/9/2017 3:59:26 AM
348061,Album Review: Phoenix – Ti Amo,6/9/2017 4:00:20 AM
348060,Vince Staples shares new song “Rain Come Down” — listen,6/9/2017 4:43:11 AM
348059,Lindsey Buckingham and Christine McVie perform “In My World” on Fallon — watch,6/9/2017 3:56:08 PM
348058,Bonnaroo man arrested for “doing God’s work by selling fake drugs”,6/9/2017 4:35:12 PM
348057,In Photos: Reeperbahn Festival Showcase at New York’s Pianos (6/7),6/9/2017 4:56:42 PM
348056,Live Review: Reeperbahn Festival Showcase at New York’s Pianos (6/7),6/9/2017 5:19:50 PM
348055,Alice Cooper is back with a new album Paranormal shares shred-heavy “Paranoiac Personality” — listen,6/9/2017 5:30:14 PM
348054,Sebadoh’s Jason Loewenstein shares new solo album Spooky Action: Stream,6/9/2017 5:37:29 PM
